"Notes","Year","Year Code","State","State Code",Cases,Percent of Total,Rate per 100,000,Population
,"2023","2023","Alabama","01",92,0.02%,1.80,5108468
,"2023","2023","Alaska","02",77,0.02%,10.50,733406
,"2023","2023","Arizona","04",202,0.05%,2.72,7431344
,"2023","2023","Arkansas","05",83,0.02%,2.71,3067732
,"2023","2023","California","06",2112,0.50%,5.42,38965193
,"2023","2023","Colorado","08",89,0.02%,1.51,5877610
,"2023","2023","Connecticut","09",66,0.02%,1.82,3617176
,"2023","2023","Delaware","10",21,0.01%,2.04,1031890
,"2023","2023","District of Columbia","11",27,0.01%,3.98,678972
,"2023","2023","Florida","12",624,0.15%,2.76,22610726
,"2023","2023","Georgia","13",246,0.06%,2.23,11029227
,"2023","2023","Hawaii","15",116,0.03%,8.08,1435138
,"2023","2023","Idaho","16",15,0.00%,0.76,1964726
,"2023","2023","Illinois","17",353,0.08%,2.81,12549689
,"2023","2023","Indiana","18",130,0.03%,1.89,6862199
,"2023","2023","Iowa","19",67,0.02%,2.09,3207004
,"2023","2023","Kansas","20",46,0.01%,1.56,2940546
,"2023","2023","Kentucky","21",75,0.02%,1.66,4526154
,"2023","2023","Louisiana","22",100,0.02%,2.19,4573749
,"2023","2023","Maine","23",26,0.01%,1.86,1395722
,"2023","2023","Maryland","24",201,0.05%,3.25,6180253
,"2023","2023","Massachusetts","25",224,0.05%,3.20,7001399
,"2023","2023","Michigan","26",149,0.04%,1.48,10037261
,"2023","2023","Minnesota","27",160,0.04%,2.79,5737915
,"2023","2023","Mississippi","28",41,0.01%,1.39,2939690
,"2023","2023","Missouri","29",74,0.02%,1.19,6196156
,"2023","2023","Montana","30",8,0.00%,0.71,1132812
,"2023","2023","Nebraska","31",33,0.01%,1.67,1978379
,"2023","2023","Nevada","32",86,0.02%,2.69,3194176
,"2023","2023","New Hampshire","33",14,0.00%,1.00,1402054
,"2023","2023","New Jersey","34",343,0.08%,3.69,9290841
,"2023","2023","New Mexico","35",41,0.01%,1.94,2114371
,"2023","2023","New York","36",894,0.21%,4.57,19571216
,"2023","2023","North Carolina","37",215,0.05%,1.98,10835491
,"2023","2023","North Dakota","38",9,0.00%,1.15,783926
,"2023","2023","Ohio","39",190,0.05%,1.61,11785935
,"2023","2023","Oklahoma","40",66,0.02%,1.63,4053824
,"2023","2023","Oregon","41",78,0.02%,1.84,4233358
,"2023","2023","Pennsylvania","42",215,0.05%,1.66,12961683
,"2023","2023","Rhode Island","44",27,0.01%,2.46,1095962
,"2023","2023","South Carolina","45",90,0.02%,1.67,5373555
,"2023","2023","South Dakota","46",14,0.00%,1.52,919318
,"2023","2023","Tennessee","47",116,0.03%,1.63,7126489
,"2023","2023","Texas","48",1242,0.30%,4.07,30503301
,"2023","2023","Utah","49",34,0.01%,0.99,3417734
,"2023","2023","Vermont","50",3,0.00%,0.46,647464
,"2023","2023","Virginia","51",207,0.05%,2.38,8715698
,"2023","2023","Washington","53",221,0.05%,2.83,7812880
,"2023","2023","West Virginia","54",15,0.00%,0.85,1770071
,"2023","2023","Wisconsin","55",54,0.01%,0.91,5910955
,"2023","2023","Wyoming","56",2,0.00%,0.34,584057
"Total","2023","2023",,,9633,2.29%,2.88,334914895
,"2022","2022","Alabama","01",65,0.02%,1.28,5074296
,"2022","2022","Alaska","02",95,0.02%,12.95,733583
,"2022","2022","Arizona","04",154,0.04%,2.09,7359197
,"2022","2022","Arkansas","05",68,0.02%,2.23,3045637
,"2022","2022","California","06",1845,0.44%,4.73,39029342
,"2022","2022","Colorado","08",57,0.01%,0.98,5839926
,"2022","2022","Connecticut","09",67,0.02%,1.85,3626205
,"2022","2022","Delaware","10",13,0.00%,1.28,1018396
,"2022","2022","District of Columbia","11",15,0.00%,2.23,671803
,"2022","2022","Florida","12",535,0.13%,2.41,22244823
,"2022","2022","Georgia","13",261,0.06%,2.39,10912876
,"2022","2022","Hawaii","15",100,0.02%,6.94,1440196
,"2022","2022","Idaho","16",11,0.00%,0.57,1939033
,"2022","2022","Illinois","17",298,0.07%,2.37,12582032
,"2022","2022","Indiana","18",99,0.02%,1.45,6833037
,"2022","2022","Iowa","19",60,0.01%,1.87,3200517
,"2022","2022","Kansas","20",52,0.01%,1.77,2937150
,"2022","2022","Kentucky","21",70,0.02%,1.55,4512310
,"2022","2022","Louisiana","22",96,0.02%,2.09,4590241
,"2022","2022","Maine","23",17,0.00%,1.23,1385340
,"2022","2022","Maryland","24",159,0.04%,2.58,6164660
,"2022","2022","Massachusetts","25",154,0.04%,2.21,6981974
,"2022","2022","Michigan","26",120,0.03%,1.20,10034113
,"2022","2022","Minnesota","27",131,0.03%,2.29,5717184
,"2022","2022","Mississippi","28",53,0.01%,1.80,2940057
,"2022","2022","Missouri","29",71,0.02%,1.15,6177957
,"2022","2022","Montana","30",6,0.00%,0.53,1122867
,"2022","2022","Nebraska","31",29,0.01%,1.47,1967923
,"2022","2022","Nevada","32",62,0.01%,1.95,3177772
,"2022","2022","New Hampshire","33",11,0.00%,0.79,1395231
,"2022","2022","New Jersey","34",289,0.07%,3.12,9261699
,"2022","2022","New Mexico","35",30,0.01%,1.42,2113344
,"2022","2022","New York","36",712,0.17%,3.62,19677151
,"2022","2022","North Carolina","37",164,0.04%,1.53,10698973
,"2022","2022","North Dakota","38",10,0.00%,1.28,779261
,"2022","2022","Ohio","39",147,0.04%,1.25,11756058
,"2022","2022","Oklahoma","40",77,0.02%,1.92,4019800
,"2022","2022","Oregon","41",73,0.02%,1.72,4240137
,"2022","2022","Pennsylvania","42",173,0.04%,1.33,12972008
,"2022","2022","Rhode Island","44",17,0.00%,1.55,1093734
,"2022","2022","South Carolina","45",101,0.02%,1.91,5282634
,"2022","2022","South Dakota","46",10,0.00%,1.10,909824
,"2022","2022","Tennessee","47",106,0.03%,1.50,7051339
,"2022","2022","Texas","48",1103,0.26%,3.67,30029572
,"2022","2022","Utah","49",33,0.01%,0.98,3380800
,"2022","2022","Vermont","50",3,0.00%,0.46,647064
,"2022","2022","Virginia","51",195,0.05%,2.25,8683619
,"2022","2022","Washington","53",251,0.06%,3.22,7785786
,"2022","2022","West Virginia","54",11,0.00%,0.62,1775156
,"2022","2022","Wisconsin","55",52,0.01%,0.88,5892539
,"2022","2022","Wyoming","56",1,0.00%,0.17,581381
"Total","2022","2022",,,8332,1.98%,2.50,333287557
,"2021","2021","Alabama","01",91,0.02%,1.81,5039877
,"2021","2021","Alaska","02",58,0.01%,7.92,732673
,"2021","2021","Arizona","04",129,0.03%,1.77,7276316
,"2021","2021","Arkansas","05",69,0.02%,2.28,3025891
,"2021","2021","California","06",1749,0.42%,4.46,39237836
,"2021","2021","Colorado","08",58,0.01%,1.00,5812069
,"2021","2021","Connecticut","09",54,0.01%,1.50,3605597
,"2021","2021","Delaware","10",41,0.01%,4.09,1003384
,"2021","2021","District of Columbia","11",18,0.00%,2.69,670050
,"2021","2021","Florida","12",500,0.12%,2.30,21781128
,"2021","2021","Georgia","13",222,0.05%,2.06,10799566
,"2021","2021","Hawaii","15",106,0.03%,7.35,1441553
,"2021","2021","Idaho","16",5,0.00%,0.26,1900923
,"2021","2021","Illinois","17",254,0.06%,2.00,12671469
,"2021","2021","Indiana","18",127,0.03%,1.87,6805985
,"2021","2021","Iowa","19",49,0.01%,1.53,3193079
,"2021","2021","Kansas","20",43,0.01%,1.47,2934582
,"2021","2021","Kentucky","21",57,0.01%,1.26,4509394
,"2021","2021","Louisiana","22",86,0.02%,1.86,4624047
,"2021","2021","Maine","23",14,0.00%,1.02,1372247
,"2021","2021","Maryland","24",193,0.05%,3.13,6165129
,"2021","2021","Massachusetts","25",151,0.04%,2.16,6984723
,"2021","2021","Michigan","26",137,0.03%,1.36,10050811
,"2021","2021","Minnesota","27",134,0.03%,2.35,5707390
,"2021","2021","Mississippi","28",46,0.01%,1.56,2949965
,"2021","2021","Missouri","29",77,0.02%,1.25,6168187
,"2021","2021","Montana","30",3,0.00%,0.27,1104271
,"2021","2021","Nebraska","31",22,0.01%,1.12,1963692
,"2021","2021","Nevada","32",61,0.01%,1.94,3143991
,"2021","2021","New Hampshire","33",12,0.00%,0.86,1388992
,"2021","2021","New Jersey","34",289,0.07%,3.12,9267130
,"2021","2021","New Mexico","35",24,0.01%,1.13,2115877
,"2021","2021","New York","36",683,0.16%,3.44,19835913
,"2021","2021","North Carolina","37",178,0.04%,1.69,10551162
,"2021","2021","North Dakota","38",15,0.00%,1.94,774948
,"2021","2021","Ohio","39",150,0.04%,1.27,11780017
,"2021","2021","Oklahoma","40",69,0.02%,1.73,3986639
,"2021","2021","Oregon","41",79,0.02%,1.86,4246155
,"2021","2021","Pennsylvania","42",166,0.04%,1.28,12964056
,"2021","2021","Rhode Island","44",17,0.00%,1.55,1095610
,"2021","2021","South Carolina","45",87,0.02%,1.68,5190705
,"2021","2021","South Dakota","46",12,0.00%,1.34,895376
,"2021","2021","Tennessee","47",84,0.02%,1.20,6975218
,"2021","2021","Texas","48",993,0.24%,3.36,29527941
,"2021","2021","Utah","49",17,0.00%,0.51,3337975
,"2021","2021","Vermont","50",3,0.00%,0.46,645570
,"2021","2021","Virginia","51",160,0.04%,1.85,8642274
,"2021","2021","Washington","53",199,0.05%,2.57,7738692
,"2021","2021","West Virginia","54",6,0.00%,0.34,1782959
,"2021","2021","Wisconsin","55",66,0.02%,1.12,5895908
,"2021","2021","Wyoming","56",3,0.00%,0.52,578803
"Total","2021","2021",,,7866,1.87%,2.37,331893745
,"2020","2020","Alabama","01",72,0.02%,1.46,4921532
,"2020","2020","Alaska","02",58,0.01%,7.93,731158
,"2020","2020","Arizona","04",136,0.03%,1.83,7421401
,"2020","2020","Arkansas","05",59,0.01%,1.95,3030522
,"2020","2020","California","06",1703,0.41%,4.33,39368078
,"2020","2020","Colorado","08",52,0.01%,0.90,5807719
,"2020","2020","Connecticut","09",54,0.01%,1.52,3557006
,"2020","2020","Delaware","10",17,0.00%,1.72,986809
,"2020","2020","District of Columbia","11",19,0.00%,2.67,712816
,"2020","2020","Florida","12",412,0.10%,1.90,21733312
,"2020","2020","Georgia","13",220,0.05%,2.05,10710017
,"2020","2020","Hawaii","15",92,0.02%,6.54,1407006
,"2020","2020","Idaho","16",8,0.00%,0.44,1826913
,"2020","2020","Illinois","17",216,0.05%,1.72,12587530
,"2020","2020","Indiana","18",92,0.02%,1.36,6754953
,"2020","2020","Iowa","19",39,0.01%,1.23,3163561
,"2020","2020","Kansas","20",37,0.01%,1.27,2913805
,"2020","2020","Kentucky","21",66,0.02%,1.47,4477251
,"2020","2020","Louisiana","22",99,0.02%,2.13,4645318
,"2020","2020","Maine","23",17,0.00%,1.26,1350141
,"2020","2020","Maryland","24",149,0.04%,2.46,6055802
,"2020","2020","Massachusetts","25",142,0.03%,2.06,6893574
,"2020","2020","Michigan","26",101,0.02%,1.01,9966555
,"2020","2020","Minnesota","27",117,0.03%,2.07,5657342
,"2020","2020","Mississippi","28",43,0.01%,1.45,2966786
,"2020","2020","Missouri","29",79,0.02%,1.28,6151548
,"2020","2020","Montana","30",4,0.00%,0.37,1080577
,"2020","2020","Nebraska","31",33,0.01%,1.70,1937552
,"2020","2020","Nevada","32",57,0.01%,1.82,3138259
,"2020","2020","New Hampshire","33",12,0.00%,0.88,1366275
,"2020","2020","New Jersey","34",245,0.06%,2.76,8882371
,"2020","2020","New Mexico","35",29,0.01%,1.38,2106319
,"2020","2020","New York","36",605,0.14%,3.13,19336776
,"2020","2020","North Carolina","37",159,0.04%,1.50,10600823
,"2020","2020","North Dakota","38",10,0.00%,1.31,765309
,"2020","2020","Ohio","39",132,0.03%,1.13,11693217
,"2020","2020","Oklahoma","40",67,0.02%,1.68,3980783
,"2020","2020","Oregon","41",67,0.02%,1.58,4241507
,"2020","2020","Pennsylvania","42",157,0.04%,1.23,12783254
,"2020","2020","Rhode Island","44",7,0.00%,0.66,1057125
,"2020","2020","South Carolina","45",67,0.02%,1.28,5218040
,"2020","2020","South Dakota","46",16,0.00%,1.79,892717
,"2020","2020","Tennessee","47",113,0.03%,1.64,6886834
,"2020","2020","Texas","48",879,0.21%,2.99,29360759
,"2020","2020","Utah","49",29,0.01%,0.89,3249879
,"2020","2020","Vermont","50",3,0.00%,0.48,623347
,"2020","2020","Virginia","51",169,0.04%,1.97,8590563
,"2020","2020","Washington","53",163,0.04%,2.12,7693612
,"2020","2020","West Virginia","54",13,0.00%,0.73,1784787
,"2020","2020","Wisconsin","55",35,0.01%,0.60,5832655
,"2020","2020","Wyoming","56",0,0.00%,0.00,582328
"Total","2020","2020",,,7170,1.71%,2.18,329484123
,"2019","2019","Alabama","01",87,0.02%,1.77,4907965
,"2019","2019","Alaska","02",58,0.01%,7.91,733603
,"2019","2019","Arizona","04",183,0.04%,2.51,7291843
,"2019","2019","Arkansas","05",64,0.02%,2.12,3020985
,"2019","2019","California","06",2110,0.50%,5.35,39437610
,"2019","2019","Colorado","08",66,0.02%,1.15,5758486
,"2019","2019","Connecticut","09",67,0.02%,1.88,3566022
,"2019","2019","Delaware","10",19,0.00%,1.95,976668
,"2019","2019","District of Columbia","11",24,0.01%,3.39,708253
,"2019","2019","Florida","12",558,0.13%,2.60,21492056
,"2019","2019","Georgia","13",302,0.07%,2.84,10628020
,"2019","2019","Hawaii","15",99,0.02%,6.99,1415615
,"2019","2019","Idaho","16",7,0.00%,0.39,1789060
,"2019","2019","Illinois","17",326,0.08%,2.57,12667017
,"2019","2019","Indiana","18",108,0.03%,1.60,6731010
,"2019","2019","Iowa","19",52,0.01%,1.65,3159596
,"2019","2019","Kansas","20",37,0.01%,1.27,2912635
,"2019","2019","Kentucky","21",65,0.02%,1.45,4472345
,"2019","2019","Louisiana","22",88,0.02%,1.89,4658285
,"2019","2019","Maine","23",18,0.00%,1.34,1345770
,"2019","2019","Maryland","24",209,0.05%,3.45,6054954
,"2019","2019","Massachusetts","25",178,0.04%,2.58,6894883
,"2019","2019","Michigan","26",131,0.03%,1.31,9984795
,"2019","2019","Minnesota","27",148,0.04%,2.62,5640053
,"2019","2019","Mississippi","28",57,0.01%,1.91,2978227
,"2019","2019","Missouri","29",69,0.02%,1.12,6140475
,"2019","2019","Montana","30",2,0.00%,0.19,1070123
,"2019","2019","Nebraska","31",17,0.00%,0.88,1932571
,"2019","2019","Nevada","32",53,0.01%,1.71,3090771
,"2019","2019","New Hampshire","33",6,0.00%,0.44,1360783
,"2019","2019","New Jersey","34",309,0.07%,3.48,8891258
,"2019","2019","New Mexico","35",41,0.01%,1.95,2099634
,"2019","2019","New York","36",746,0.18%,3.83,19463131
,"2019","2019","North Carolina","37",185,0.04%,1.76,10501384
,"2019","2019","North Dakota","38",18,0.00%,2.36,763724
,"2019","2019","Ohio","39",150,0.04%,1.28,11696507
,"2019","2019","Oklahoma","40",73,0.02%,1.84,3960676
,"2019","2019","Oregon","41",70,0.02%,1.66,4216116
,"2019","2019","Pennsylvania","42",198,0.05%,1.55,12798883
,"2019","2019","Rhode Island","44",14,0.00%,1.32,1058158
,"2019","2019","South Carolina","45",80,0.02%,1.55,5157702
,"2019","2019","South Dakota","46",16,0.00%,1.80,887127
,"2019","2019","Tennessee","47",129,0.03%,1.89,6830325
,"2019","2019","Texas","48",1154,0.27%,3.98,28986794
,"2019","2019","Utah","49",27,0.01%,0.84,3203383
,"2019","2019","Vermont","50",4,0.00%,0.64,624046
,"2019","2019","Virginia","51",191,0.05%,2.23,8556642
,"2019","2019","Washington","53",221,0.05%,2.90,7614024
,"2019","2019","West Virginia","54",9,0.00%,0.50,1795263
,"2019","2019","Wisconsin","55",51,0.01%,0.88,5824581
,"2019","2019","Wyoming","56",1,0.00%,0.17,580116
"Total","2019","2019",,,8895,2.12%,2.71,328329953
,"2018","2018","Alabama","01",90,0.02%,1.84,4891628
,"2018","2018","Alaska","02",63,0.02%,8.55,736624
,"2018","2018","Arizona","04",178,0.04%,2.48,7164228
,"2018","2018","Arkansas","05",76,0.02%,2.52,3012161
,"2018","2018","California","06",2096,0.50%,5.31,39437463
,"2018","2018","Colorado","08",64,0.02%,1.12,5697155
,"2018","2018","Connecticut","09",51,0.01%,1.43,3574561
,"2018","2018","Delaware","10",21,0.01%,2.17,966985
,"2018","2018","District of Columbia","11",36,0.01%,5.11,704147
,"2018","2018","Florida","12",591,0.14%,2.78,21254926
,"2018","2018","Georgia","13",270,0.06%,2.57,10519389
,"2018","2018","Hawaii","15",120,0.03%,8.43,1423102
,"2018","2018","Idaho","16",15,0.00%,0.86,1752074
,"2018","2018","Illinois","17",319,0.08%,2.51,12724685
,"2018","2018","Indiana","18",116,0.03%,1.73,6698481
,"2018","2018","Iowa","19",49,0.01%,1.56,3149900
,"2018","2018","Kansas","20",28,0.01%,0.96,2912748
,"2018","2018","Kentucky","21",64,0.02%,1.43,4464273
,"2018","2018","Louisiana","22",105,0.03%,2.25,4664450
,"2018","2018","Maine","23",14,0.00%,1.04,1340123
,"2018","2018","Maryland","24",208,0.05%,3.44,6042153
,"2018","2018","Massachusetts","25",200,0.05%,2.90,6885720
,"2018","2018","Michigan","26",108,0.03%,1.08,9987286
,"2018","2018","Minnesota","27",172,0.04%,3.07,5608762
,"2018","2018","Mississippi","28",80,0.02%,2.68,2982879
,"2018","2018","Missouri","29",80,0.02%,1.31,6125986
,"2018","2018","Montana","30",5,0.00%,0.47,1061818
,"2018","2018","Nebraska","31",27,0.01%,1.40,1925512
,"2018","2018","Nevada","32",69,0.02%,2.28,3030725
,"2018","2018","New Hampshire","33",12,0.00%,0.89,1355064
,"2018","2018","New Jersey","34",290,0.07%,3.26,8891730
,"2018","2018","New Mexico","35",39,0.01%,1.86,2093754
,"2018","2018","New York","36",744,0.18%,3.81,19544098
,"2018","2018","North Carolina","37",196,0.05%,1.89,10391358
,"2018","2018","North Dakota","38",13,0.00%,1.71,760062
,"2018","2018","Ohio","39",178,0.04%,1.52,11680892
,"2018","2018","Oklahoma","40",74,0.02%,1.88,3943488
,"2018","2018","Oregon","41",81,0.02%,1.94,4183538
,"2018","2018","Pennsylvania","42",212,0.05%,1.66,12809107
,"2018","2018","Rhode Island","44",19,0.00%,1.79,1059338
,"2018","2018","South Carolina","45",86,0.02%,1.69,5091702
,"2018","2018","South Dakota","46",12,0.00%,1.36,879386
,"2018","2018","Tennessee","47",139,0.03%,2.05,6778180
,"2018","2018","Texas","48",1113,0.27%,3.89,28624564
,"2018","2018","Utah","49",18,0.00%,0.57,3155153
,"2018","2018","Vermont","50",5,0.00%,0.80,624802
,"2018","2018","Virginia","51",204,0.05%,2.40,8510920
,"2018","2018","Washington","53",190,0.05%,2.52,7526793
,"2018","2018","West Virginia","54",6,0.00%,0.33,1805953
,"2018","2018","Wisconsin","55",49,0.01%,0.84,5809319
,"2018","2018","Wyoming","56",1,0.00%,0.17,579054
"Total","2018","2018",,,8996,2.14%,2.75,326838199
,"2017","2017","Alabama","01",120,0.03%,2.46,4877989
,"2017","2017","Alaska","02",53,0.01%,7.15,740983
,"2017","2017","Arizona","04",188,0.04%,2.67,7048088
,"2017","2017","Arkansas","05",85,0.02%,2.83,3003855
,"2017","2017","California","06",2057,0.49%,5.23,39337785
,"2017","2017","Colorado","08",84,0.02%,1.50,5617421
,"2017","2017","Connecticut","09",63,0.02%,1.76,3575324
,"2017","2017","Delaware","10",15,0.00%,1.57,957942
,"2017","2017","District of Columbia","11",36,0.01%,5.16,697079
,"2017","2017","Florida","12",549,0.13%,2.62,20977089
,"2017","2017","Georgia","13",293,0.07%,2.81,10417031
,"2017","2017","Hawaii","15",116,0.03%,8.14,1425763
,"2017","2017","Idaho","16",10,0.00%,0.58,1719745
,"2017","2017","Illinois","17",334,0.08%,2.61,12779893
,"2017","2017","Indiana","18",100,0.02%,1.50,6662068
,"2017","2017","Iowa","19",47,0.01%,1.50,3143734
,"2017","2017","Kansas","20",28,0.01%,0.96,2910892
,"2017","2017","Kentucky","21",65,0.02%,1.46,4455590
,"2017","2017","Louisiana","22",141,0.03%,3.02,4673673
,"2017","2017","Maine","23",14,0.00%,1.05,1335743
,"2017","2017","Maryland","24",207,0.05%,3.43,6028186
,"2017","2017","Massachusetts","25",209,0.05%,3.05,6863560
,"2017","2017","Michigan","26",133,0.03%,1.33,9976752
,"2017","2017","Minnesota","27",175,0.04%,3.14,5569283
,"2017","2017","Mississippi","28",51,0.01%,1.71,2990674
,"2017","2017","Missouri","29",87,0.02%,1.42,6111382
,"2017","2017","Montana","30",3,0.00%,0.28,1053862
,"2017","2017","Nebraska","31",22,0.01%,1.15,1916998
,"2017","2017","Nevada","32",80,0.02%,2.69,2972097
,"2017","2017","New Hampshire","33",19,0.00%,1.41,1350395
,"2017","2017","New Jersey","34",283,0.07%,3.18,8888147
,"2017","2017","New Mexico","35",37,0.01%,1.77,2092844
,"2017","2017","New York","36",801,0.19%,4.09,19593849
,"2017","2017","North Carolina","37",213,0.05%,2.07,10275758
,"2017","2017","North Dakota","38",14,0.00%,1.85,756755
,"2017","2017","Ohio","39",148,0.04%,1.27,11665706
,"2017","2017","Oklahoma","40",54,0.01%,1.37,3933602
,"2017","2017","Oregon","41",69,0.02%,1.66,4147294
,"2017","2017","Pennsylvania","42",192,0.05%,1.50,12794679
,"2017","2017","Rhode Island","44",13,0.00%,1.23,1056554
,"2017","2017","South Carolina","45",101,0.02%,2.01,5027102
,"2017","2017","South Dakota","46",14,0.00%,1.60,873732
,"2017","2017","Tennessee","47",124,0.03%,1.85,6714748
,"2017","2017","Texas","48",1109,0.26%,3.92,28291024
,"2017","2017","Utah","49",29,0.01%,0.93,3103540
,"2017","2017","Vermont","50",3,0.00%,0.48,625132
,"2017","2017","Virginia","51",204,0.05%,2.41,8471011
,"2017","2017","Washington","53",207,0.05%,2.79,7427951
,"2017","2017","West Virginia","54",16,0.00%,0.88,1818683
,"2017","2017","Wisconsin","55",49,0.01%,0.85,5793147
,"2017","2017","Wyoming","56",2,0.00%,0.34,579994
"Total","2017","2017",,,9066,2.16%,2.79,325122128
,"2016","2016","Alabama","01",112,0.03%,2.30,4866824
,"2016","2016","Alaska","02",57,0.01%,7.68,742575
,"2016","2016","Arizona","04",188,0.04%,2.71,6944767
,"2016","2016","Arkansas","05",91,0.02%,3.04,2991815
,"2016","2016","California","06",2059,0.49%,5.26,39149186
,"2016","2016","Colorado","08",64,0.02%,1.15,5543844
,"2016","2016","Connecticut","09",52,0.01%,1.45,3579830
,"2016","2016","Delaware","10",16,0.00%,1.68,949989
,"2016","2016","District of Columbia","11",25,0.01%,3.64,687576
,"2016","2016","Florida","12",639,0.15%,3.10,20627237
,"2016","2016","Georgia","13",302,0.07%,2.93,10308442
,"2016","2016","Hawaii","15",119,0.03%,8.33,1428885
,"2016","2016","Idaho","16",18,0.00%,1.07,1684036
,"2016","2016","Illinois","17",341,0.08%,2.66,12821709
,"2016","2016","Indiana","18",108,0.03%,1.63,6637898
,"2016","2016","Iowa","19",48,0.01%,1.53,3133210
,"2016","2016","Kansas","20",39,0.01%,1.34,2912977
,"2016","2016","Kentucky","21",91,0.02%,2.05,4440306
,"2016","2016","Louisiana","22",128,0.03%,2.73,4681346
,"2016","2016","Maine","23",23,0.01%,1.73,1332348
,"2016","2016","Maryland","24",221,0.05%,3.68,6007014
,"2016","2016","Massachusetts","25",190,0.05%,2.78,6827280
,"2016","2016","Michigan","26",133,0.03%,1.34,9954117
,"2016","2016","Minnesota","27",167,0.04%,3.02,5525360
,"2016","2016","Mississippi","28",60,0.01%,2.01,2990595
,"2016","2016","Missouri","29",101,0.02%,1.66,6091384
,"2016","2016","Montana","30",4,0.00%,0.38,1042137
,"2016","2016","Nebraska","31",28,0.01%,1.47,1906483
,"2016","2016","Nevada","32",55,0.01%,1.88,2919555
,"2016","2016","New Hampshire","33",15,0.00%,1.12,1343694
,"2016","2016","New Jersey","34",294,0.07%,3.31,8873584
,"2016","2016","New Mexico","35",38,0.01%,1.82,2092555
,"2016","2016","New York","36",758,0.18%,3.86,19636391
,"2016","2016","North Carolina","37",219,0.05%,2.16,10161802
,"2016","2016","North Dakota","38",22,0.01%,2.91,756114
,"2016","2016","Ohio","39",142,0.03%,1.22,11640060
,"2016","2016","Oklahoma","40",78,0.02%,1.99,3928143
,"2016","2016","Oregon","41",70,0.02%,1.71,4093271
,"2016","2016","Pennsylvania","42",169,0.04%,1.32,12788468
,"2016","2016","Rhode Island","44",12,0.00%,1.13,1057816
,"2016","2016","South Carolina","45",102,0.02%,2.06,4963031
,"2016","2016","South Dakota","46",12,0.00%,1.39,863693
,"2016","2016","Tennessee","47",103,0.02%,1.55,6651277
,"2016","2016","Texas","48",1237,0.29%,4.43,27914064
,"2016","2016","Utah","49",20,0.00%,0.66,3044241
,"2016","2016","Vermont","50",6,0.00%,0.96,624366
,"2016","2016","Virginia","51",203,0.05%,2.41,8417651
,"2016","2016","Washington","53",204,0.05%,2.79,7299961
,"2016","2016","West Virginia","54",14,0.00%,0.76,1832435
,"2016","2016","Wisconsin","55",40,0.01%,0.69,5775170
,"2016","2016","Wyoming","56",1,0.00%,0.17,585243
"Total","2016","2016",,,9238,2.20%,2.86,323071755
,"2015","2015","Alabama","01",119,0.03%,2.45,4854803
,"2015","2015","Alaska","02",68,0.02%,9.21,738430
,"2015","2015","Arizona","04",198,0.05%,2.90,6832810
,"2015","2015","Arkansas","05",90,0.02%,3.02,2979732
,"2015","2015","California","06",2131,0.51%,5.48,38904296
,"2015","2015","Colorado","08",73,0.02%,1.34,5454328
,"2015","2015","Connecticut","09",70,0.02%,1.95,3588561
,"2015","2015","Delaware","10",22,0.01%,2.34,942065
,"2015","2015","District of Columbia","11",33,0.01%,4.87,677014
,"2015","2015","Florida","12",601,0.14%,2.97,20219111
,"2015","2015","Georgia","13",318,0.08%,3.12,10183353
,"2015","2015","Hawaii","15",127,0.03%,8.92,1422999
,"2015","2015","Idaho","16",11,0.00%,0.67,1652495
,"2015","2015","Illinois","17",343,0.08%,2.67,12859585
,"2015","2015","Indiana","18",116,0.03%,1.75,6611442
,"2015","2015","Iowa","19",38,0.01%,1.22,3122541
,"2015","2015","Kansas","20",36,0.01%,1.24,2910717
,"2015","2015","Kentucky","21",67,0.02%,1.51,4429126
,"2015","2015","Louisiana","22",119,0.03%,2.55,4666998
,"2015","2015","Maine","23",18,0.00%,1.35,1329098
,"2015","2015","Maryland","24",176,0.04%,2.94,5988528
,"2015","2015","Massachusetts","25",192,0.05%,2.82,6797484
,"2015","2015","Michigan","26",131,0.03%,1.32,9934483
,"2015","2015","Minnesota","27",150,0.04%,2.74,5484002
,"2015","2015","Mississippi","28",73,0.02%,2.44,2990231
,"2015","2015","Missouri","29",92,0.02%,1.51,6075411
,"2015","2015","Montana","30",9,0.00%,0.87,1031495
,"2015","2015","Nebraska","31",33,0.01%,1.74,1892059
,"2015","2015","Nevada","32",85,0.02%,2.96,2868531
,"2015","2015","New Hampshire","33",13,0.00%,0.97,1337480
,"2015","2015","New Jersey","34",325,0.08%,3.66,8870312
,"2015","2015","New Mexico","35",47,0.01%,2.25,2090071
,"2015","2015","New York","36",763,0.18%,3.88,19657321
,"2015","2015","North Carolina","37",199,0.05%,1.98,10037218
,"2015","2015","North Dakota","38",9,0.00%,1.19,755537
,"2015","2015","Ohio","39",143,0.03%,1.23,11622315
,"2015","2015","Oklahoma","40",67,0.02%,1.71,3910518
,"2015","2015","Oregon","41",76,0.02%,1.89,4018542
,"2015","2015","Pennsylvania","42",200,0.05%,1.56,12789838
,"2015","2015","Rhode Island","44",30,0.01%,2.84,1056886
,"2015","2015","South Carolina","45",104,0.02%,2.12,4896006
,"2015","2015","South Dakota","46",17,0.00%,1.99,854663
,"2015","2015","Tennessee","47",131,0.03%,1.99,6595354
,"2015","2015","Texas","48",1330,0.32%,4.84,27468531
,"2015","2015","Utah","49",37,0.01%,1.24,2983626
,"2015","2015","Vermont","50",7,0.00%,1.12,625810
,"2015","2015","Virginia","51",212,0.05%,2.53,8367303
,"2015","2015","Washington","53",207,0.05%,2.89,7167287
,"2015","2015","West Virginia","54",10,0.00%,0.54,1843332
,"2015","2015","Wisconsin","55",69,0.02%,1.20,5762927
,"2015","2015","Wyoming","56",4,0.00%,0.68,586389
"Total","2015","2015",,,9539,2.27%,2.97,320738994
,"2014","2014","Alabama","01",133,0.03%,2.75,4843737
,"2014","2014","Alaska","02",62,0.01%,8.41,737075
,"2014","2014","Arizona","04",193,0.05%,2.87,6732873
,"2014","2014","Arkansas","05",93,0.02%,3.13,2968759
,"2014","2014","California","06",2130,0.51%,5.52,38586706
,"2014","2014","Colorado","08",64,0.02%,1.20,5352637
,"2014","2014","Connecticut","09",60,0.01%,1.67,3595697
,"2014","2014","Delaware","10",22,0.01%,2.36,933131
,"2014","2014","District of Columbia","11",32,0.01%,4.82,663603
,"2014","2014","Florida","12",590,0.14%,2.97,19853880
,"2014","2014","Georgia","13",334,0.08%,3.32,10071204
,"2014","2014","Hawaii","15",136,0.03%,9.61,1415335
,"2014","2014","Idaho","16",11,0.00%,0.67,1632248
,"2014","2014","Illinois","17",319,0.08%,2.48,12885092
,"2014","2014","Indiana","18",108,0.03%,1.64,6596019
,"2014","2014","Iowa","19",54,0.01%,1.74,3110643
,"2014","2014","Kansas","20",40,0.01%,1.38,2901861
,"2014","2014","Kentucky","21",79,0.02%,1.79,4416992
,"2014","2014","Louisiana","22",121,0.03%,2.60,4645938
,"2014","2014","Maine","23",14,0.00%,1.05,1331217
,"2014","2014","Maryland","24",197,0.05%,3.31,5960064
,"2014","2014","Massachusetts","25",196,0.05%,2.90,6764864
,"2014","2014","Michigan","26",105,0.03%,1.06,9932033
,"2014","2014","Minnesota","27",146,0.03%,2.68,5452665
,"2014","2014","Mississippi","28",74,0.02%,2.47,2991892
,"2014","2014","Missouri","29",76,0.02%,1.25,6059130
,"2014","2014","Montana","30",6,0.00%,0.59,1022657
,"2014","2014","Nebraska","31",38,0.01%,2.02,1879955
,"2014","2014","Nevada","32",74,0.02%,2.63,2818935
,"2014","2014","New Hampshire","33",11,0.00%,0.82,1334257
,"2014","2014","New Jersey","34",306,0.07%,3.45,8867277
,"2014","2014","New Mexico","35",50,0.01%,2.39,2090236
,"2014","2014","New York","36",784,0.19%,3.99,19653431
,"2014","2014","North Carolina","37",195,0.05%,1.96,9937295
,"2014","2014","North Dakota","38",15,0.00%,2.03,738736
,"2014","2014","Ohio","39",156,0.04%,1.34,11606573
,"2014","2014","Oklahoma","40",59,0.01%,1.52,3879187
,"2014","2014","Oregon","41",77,0.02%,1.94,3965447
,"2014","2014","Pennsylvania","42",206,0.05%,1.61,12792392
,"2014","2014","Rhode Island","44",21,0.01%,1.99,1056511
,"2014","2014","South Carolina","45",79,0.02%,1.64,4826858
,"2014","2014","South Dakota","46",7,0.00%,0.82,849670
,"2014","2014","Tennessee","47",151,0.04%,2.31,6544617
,"2014","2014","Texas","48",1267,0.30%,4.70,26963092
,"2014","2014","Utah","49",31,0.01%,1.06,2938327
,"2014","2014","Vermont","50",2,0.00%,0.32,625693
,"2014","2014","Virginia","51",198,0.05%,2.38,8315430
,"2014","2014","Washington","53",194,0.05%,2.75,7057531
,"2014","2014","West Virginia","54",13,0.00%,0.70,1850569
,"2014","2014","Wisconsin","55",48,0.01%,0.83,5753199
,"2014","2014","Wyoming","56",2,0.00%,0.34,583159
"Total","2014","2014",,,9379,2.23%,2.95,318386329
,"2013","2013","Alabama","01",108,0.03%,2.24,4831586
,"2013","2013","Alaska","02",71,0.02%,9.63,737626
,"2013","2013","Arizona","04",184,0.04%,2.77,6634690
,"2013","2013","Arkansas","05",72,0.02%,2.43,2960459
,"2013","2013","California","06",2163,0.52%,5.65,38253768
,"2013","2013","Colorado","08",74,0.02%,1.40,5270774
,"2013","2013","Connecticut","09",62,0.01%,1.72,3595792
,"2013","2013","Delaware","10",19,0.00%,2.06,924062
,"2013","2013","District of Columbia","11",37,0.01%,5.68,651559
,"2013","2013","Florida","12",646,0.15%,3.30,19551678
,"2013","2013","Georgia","13",339,0.08%,3.40,9975592
,"2013","2013","Hawaii","15",115,0.03%,8.16,1408822
,"2013","2013","Idaho","16",11,0.00%,0.68,1612053
,"2013","2013","Illinois","17",327,0.08%,2.54,12895778
,"2013","2013","Indiana","18",94,0.02%,1.43,6570575
,"2013","2013","Iowa","19",47,0.01%,1.52,3093935
,"2013","2013","Kansas","20",36,0.01%,1.24,2894306
,"2013","2013","Kentucky","21",59,0.01%,1.34,4406906
,"2013","2013","Louisiana","22",139,0.03%,3.00,4626040
,"2013","2013","Maine","23",15,0.00%,1.13,1328543
,"2013","2013","Maryland","24",175,0.04%,2.95,5925197
,"2013","2013","Massachusetts","25",201,0.05%,2.99,6715158
,"2013","2013","Michigan","26",141,0.03%,1.42,9914802
,"2013","2013","Minnesota","27",151,0.04%,2.79,5414722
,"2013","2013","Mississippi","28",65,0.02%,2.17,2989839
,"2013","2013","Missouri","29",104,0.02%,1.72,6042989
,"2013","2013","Montana","30",6,0.00%,0.59,1014158
,"2013","2013","Nebraska","31",21,0.01%,1.13,1865813
,"2013","2013","Nevada","32",91,0.02%,3.28,2776956
,"2013","2013","New Hampshire","33",15,0.00%,1.13,1327272
,"2013","2013","New Jersey","34",319,0.08%,3.60,8857821
,"2013","2013","New Mexico","35",50,0.01%,2.39,2092833
,"2013","2013","New York","36",865,0.21%,4.41,19626488
,"2013","2013","North Carolina","37",216,0.05%,2.19,9846717
,"2013","2013","North Dakota","38",12,0.00%,1.66,723149
,"2013","2013","Ohio","39",148,0.04%,1.28,11579692
,"2013","2013","Oklahoma","40",70,0.02%,1.82,3853891
,"2013","2013","Oregon","41",73,0.02%,1.86,3924110
,"2013","2013","Pennsylvania","42",213,0.05%,1.67,12779538
,"2013","2013","Rhode Island","44",27,0.01%,2.56,1055560
,"2013","2013","South Carolina","45",112,0.03%,2.35,4766469
,"2013","2013","South Dakota","46",9,0.00%,1.07,842751
,"2013","2013","Tennessee","47",143,0.03%,2.20,6496943
,"2013","2013","Texas","48",1221,0.29%,4.61,26479646
,"2013","2013","Utah","49",33,0.01%,1.14,2898773
,"2013","2013","Vermont","50",5,0.00%,0.80,626603
,"2013","2013","Virginia","51",179,0.04%,2.17,8255861
,"2013","2013","Washington","53",210,0.05%,3.01,6966252
,"2013","2013","West Virginia","54",13,0.00%,0.70,1854768
,"2013","2013","Wisconsin","55",50,0.01%,0.87,5738012
,"2013","2013","Wyoming","56",0,0.00%,0.00,582620
"Total","2013","2013",,,9556,2.28%,3.02,316059947
,"2012","2012","Alabama","01",134,0.03%,2.78,4816632
,"2012","2012","Alaska","02",65,0.02%,8.89,730810
,"2012","2012","Arizona","04",211,0.05%,3.22,6556344
,"2012","2012","Arkansas","05",70,0.02%,2.37,2952876
,"2012","2012","California","06",2185,0.52%,5.76,37944551
,"2012","2012","Colorado","08",64,0.02%,1.23,5193660
,"2012","2012","Connecticut","09",74,0.02%,2.06,3595211
,"2012","2012","Delaware","10",28,0.01%,3.06,915518
,"2012","2012","District of Columbia","11",38,0.01%,5.98,635737
,"2012","2012","Florida","12",675,0.16%,3.50,19302016
,"2012","2012","Georgia","13",358,0.09%,3.61,9903580
,"2012","2012","Hawaii","15",117,0.03%,8.39,1395199
,"2012","2012","Idaho","16",15,0.00%,0.94,1595910
,"2012","2012","Illinois","17",346,0.08%,2.69,12883029
,"2012","2012","Indiana","18",102,0.02%,1.56,6538989
,"2012","2012","Iowa","19",46,0.01%,1.50,3076844
,"2012","2012","Kansas","20",42,0.01%,1.46,2886024
,"2012","2012","Kentucky","21",78,0.02%,1.78,4387865
,"2012","2012","Louisiana","22",148,0.04%,3.22,4602067
,"2012","2012","Maine","23",17,0.00%,1.28,1328094
,"2012","2012","Maryland","24",223,0.05%,3.79,5888375
,"2012","2012","Massachusetts","25",214,0.05%,3.21,6664269
,"2012","2012","Michigan","26",150,0.04%,1.52,9898289
,"2012","2012","Minnesota","27",162,0.04%,3.01,5377500
,"2012","2012","Mississippi","28",81,0.02%,2.71,2984599
,"2012","2012","Missouri","29",70,0.02%,1.16,6026027
,"2012","2012","Montana","30",5,0.00%,0.50,1004168
,"2012","2012","Nebraska","31",22,0.01%,1.19,1853691
,"2012","2012","Nevada","32",83,0.02%,3.02,2744670
,"2012","2012","New Hampshire","33",9,0.00%,0.68,1324677
,"2012","2012","New Jersey","34",302,0.07%,3.41,8845671
,"2012","2012","New Mexico","35",40,0.01%,1.92,2087715
,"2012","2012","New York","36",865,0.21%,4.42,19574362
,"2012","2012","North Carolina","37",211,0.05%,2.16,9751810
,"2012","2012","North Dakota","38",26,0.01%,3.70,702227
,"2012","2012","Ohio","39",149,0.04%,1.29,11550971
,"2012","2012","Oklahoma","40",88,0.02%,2.30,3819320
,"2012","2012","Oregon","41",61,0.01%,1.56,3900102
,"2012","2012","Pennsylvania","42",233,0.06%,1.82,12769123
,"2012","2012","Rhode Island","44",23,0.01%,2.18,1054893
,"2012","2012","South Carolina","45",122,0.03%,2.59,4719027
,"2012","2012","South Dakota","46",19,0.00%,2.28,833859
,"2012","2012","Tennessee","47",163,0.04%,2.52,6455752
,"2012","2012","Texas","48",1232,0.29%,4.72,26084120
,"2012","2012","Utah","49",37,0.01%,1.30,2854146
,"2012","2012","Vermont","50",4,0.00%,0.64,626361
,"2012","2012","Virginia","51",234,0.06%,2.86,8187456
,"2012","2012","Washington","53",185,0.04%,2.68,6898599
,"2012","2012","West Virginia","54",8,0.00%,0.43,1857446
,"2012","2012","Wisconsin","55",71,0.02%,1.24,5720825
,"2012","2012","Wyoming","56",3,0.00%,0.52,576656
"Total","2012","2012",,,9908,2.36%,3.16,313877662
,"2011","2011","Alabama","01",161,0.04%,3.35,4799642
,"2011","2011","Alaska","02",67,0.02%,9.28,722349
,"2011","2011","Arizona","04",255,0.06%,3.94,6473416
,"2011","2011","Arkansas","05",85,0.02%,2.89,2941038
,"2011","2011","California","06",2320,0.55%,6.16,37636311
,"2011","2011","Colorado","08",70,0.02%,1.37,5121900
,"2011","2011","Connecticut","09",83,0.02%,2.31,3588632
,"2011","2011","Delaware","10",21,0.01%,2.31,907590
,"2011","2011","District of Columbia","11",57,0.01%,9.19,620290
,"2011","2011","Florida","12",751,0.18%,3.94,19055607
,"2011","2011","Georgia","13",347,0.08%,3.54,9803630
,"2011","2011","Hawaii","15",123,0.03%,8.92,1379562
,"2011","2011","Idaho","16",12,0.00%,0.76,1584272
,"2011","2011","Illinois","17",358,0.09%,2.78,12867783
,"2011","2011","Indiana","18",100,0.02%,1.53,6517250
,"2011","2011","Iowa","19",39,0.01%,1.27,3066772
,"2011","2011","Kansas","20",36,0.01%,1.25,2869677
,"2011","2011","Kentucky","21",69,0.02%,1.58,4370817
,"2011","2011","Louisiana","22",167,0.04%,3.65,4576244
,"2011","2011","Maine","23",9,0.00%,0.68,1328473
,"2011","2011","Maryland","24",232,0.06%,3.97,5840241
,"2011","2011","Massachusetts","25",190,0.05%,2.87,6614218
,"2011","2011","Michigan","26",169,0.04%,1.71,9883053
,"2011","2011","Minnesota","27",135,0.03%,2.52,5346620
,"2011","2011","Mississippi","28",91,0.02%,3.05,2979147
,"2011","2011","Missouri","29",82,0.02%,1.36,6011182
,"2011","2011","Montana","30",8,0.00%,0.80,997518
,"2011","2011","Nebraska","31",23,0.01%,1.25,1840914
,"2011","2011","Nevada","32",96,0.02%,3.54,2713114
,"2011","2011","New Hampshire","33",11,0.00%,0.83,1320444
,"2011","2011","New Jersey","34",329,0.08%,3.73,8828552
,"2011","2011","New Mexico","35",49,0.01%,2.35,2080707
,"2011","2011","New York","36",904,0.22%,4.64,19499921
,"2011","2011","North Carolina","37",243,0.06%,2.52,9658913
,"2011","2011","North Dakota","38",6,0.00%,0.88,685526
,"2011","2011","Ohio","39",145,0.03%,1.26,11545735
,"2011","2011","Oklahoma","40",94,0.02%,2.48,3788824
,"2011","2011","Oregon","41",74,0.02%,1.91,3872672
,"2011","2011","Pennsylvania","42",260,0.06%,2.04,12747052
,"2011","2011","Rhode Island","44",27,0.01%,2.56,1053829
,"2011","2011","South Carolina","45",139,0.03%,2.97,4672655
,"2011","2011","South Dakota","46",15,0.00%,1.82,823740
,"2011","2011","Tennessee","47",156,0.04%,2.44,6400298
,"2011","2011","Texas","48",1316,0.31%,5.13,25645504
,"2011","2011","Utah","49",34,0.01%,1.21,2814797
,"2011","2011","Vermont","50",8,0.00%,1.28,627197
,"2011","2011","Virginia","51",221,0.05%,2.73,8102437
,"2011","2011","Washington","53",197,0.05%,2.89,6827479
,"2011","2011","West Virginia","54",13,0.00%,0.70,1856606
,"2011","2011","Wisconsin","55",70,0.02%,1.23,5705840
,"2011","2011","Wyoming","56",4,0.00%,0.70,567491
"Total","2011","2011",,,10471,2.49%,3.36,311583481
,"2010","2010","Alabama","01",146,0.03%,3.05,4785514
,"2010","2010","Alaska","02",57,0.01%,7.98,713982
,"2010","2010","Arizona","04",282,0.07%,4.40,6407342
,"2010","2010","Arkansas","05",78,0.02%,2.67,2921998
,"2010","2010","California","06",2323,0.55%,6.22,37319550
,"2010","2010","Colorado","08",71,0.02%,1.41,5047539
,"2010","2010","Connecticut","09",85,0.02%,2.37,3579173
,"2010","2010","Delaware","10",20,0.00%,2.22,899647
,"2010","2010","District of Columbia","11",43,0.01%,7.10,605282
,"2010","2010","Florida","12",828,0.20%,4.39,18846143
,"2010","2010","Georgia","13",411,0.10%,4.23,9712209
,"2010","2010","Hawaii","15",115,0.03%,8.43,1364004
,"2010","2010","Idaho","16",15,0.00%,0.95,1570819
,"2010","2010","Illinois","17",383,0.09%,2.98,12840545
,"2010","2010","Indiana","18",90,0.02%,1.39,6490555
,"2010","2010","Iowa","19",47,0.01%,1.54,3050819
,"2010","2010","Kansas","20",46,0.01%,1.61,2858266
,"2010","2010","Kentucky","21",90,0.02%,2.07,4348464
,"2010","2010","Louisiana","22",200,0.05%,4.40,4544635
,"2010","2010","Maine","23",8,0.00%,0.60,1327651
,"2010","2010","Maryland","24",220,0.05%,3.80,5788784
,"2010","2010","Massachusetts","25",148,0.04%,2.25,6566440
,"2010","2010","Michigan","26",182,0.04%,1.84,9877597
,"2010","2010","Minnesota","27",135,0.03%,2.54,5310934
,"2010","2010","Mississippi","28",116,0.03%,3.90,2970615
,"2010","2010","Missouri","29",98,0.02%,1.63,5996089
,"2010","2010","Montana","30",6,0.00%,0.61,990730
,"2010","2010","Nebraska","31",27,0.01%,1.48,1829591
,"2010","2010","Nevada","32",114,0.03%,4.22,2702483
,"2010","2010","New Hampshire","33",10,0.00%,0.76,1316807
,"2010","2010","New Jersey","34",404,0.10%,4.59,8799451
,"2010","2010","New Mexico","35",50,0.01%,2.42,2064614
,"2010","2010","New York","36",948,0.23%,4.89,19399956
,"2010","2010","North Carolina","37",294,0.07%,3.07,9574586
,"2010","2010","North Dakota","38",9,0.00%,1.33,674752
,"2010","2010","Ohio","39",190,0.05%,1.65,11539449
,"2010","2010","Oklahoma","40",86,0.02%,2.29,3760014
,"2010","2010","Oregon","41",87,0.02%,2.27,3837614
,"2010","2010","Pennsylvania","42",238,0.06%,1.87,12711406
,"2010","2010","Rhode Island","44",26,0.01%,2.47,1053994
,"2010","2010","South Carolina","45",153,0.04%,3.30,4635846
,"2010","2010","South Dakota","46",15,0.00%,1.84,816193
,"2010","2010","Tennessee","47",193,0.05%,3.04,6355518
,"2010","2010","Texas","48",1378,0.33%,5.46,25241897
,"2010","2010","Utah","49",20,0.00%,0.72,2775413
,"2010","2010","Vermont","50",5,0.00%,0.80,625886
,"2010","2010","Virginia","51",268,0.06%,3.34,8024004
,"2010","2010","Washington","53",239,0.06%,3.54,6743009
,"2010","2010","West Virginia","54",15,0.00%,0.81,1854265
,"2010","2010","Wisconsin","55",55,0.01%,0.97,5690538
,"2010","2010","Wyoming","56",7,0.00%,1.24,564531
"Total","2010","2010",,,11074,2.64%,3.58,309327143
,"2009","2009","Alabama","01",168,0.04%,3.53,4757938
,"2009","2009","Alaska","02",37,0.01%,5.29,698895
,"2009","2009","Arizona","04",232,0.06%,3.66,6343154
,"2009","2009","Arkansas","05",82,0.02%,2.83,2896843
,"2009","2009","California","06",2466,0.59%,6.67,36961229
,"2009","2009","Colorado","08",85,0.02%,1.71,4972195
,"2009","2009","Connecticut","09",95,0.02%,2.67,3561807
,"2009","2009","Delaware","10",19,0.00%,2.13,891730
,"2009","2009","District of Columbia","11",41,0.01%,6.92,592228
,"2009","2009","Florida","12",822,0.20%,4.41,18652644
,"2009","2009","Georgia","13",411,0.10%,4.27,9620846
,"2009","2009","Hawaii","15",117,0.03%,8.69,1346717
,"2009","2009","Idaho","16",18,0.00%,1.16,1554439
,"2009","2009","Illinois","17",417,0.10%,3.26,12796778
,"2009","2009","Indiana","18",119,0.03%,1.84,6459325
,"2009","2009","Iowa","19",42,0.01%,1.38,3032870
,"2009","2009","Kansas","20",64,0.02%,2.26,2832704
,"2009","2009","Kentucky","21",75,0.02%,1.74,4317074
,"2009","2009","Louisiana","22",194,0.05%,4.32,4491648
,"2009","2009","Maine","23",9,0.00%,0.68,1329590
,"2009","2009","Maryland","24",218,0.05%,3.80,5730388
,"2009","2009","Massachusetts","25",226,0.05%,3.47,6517613
,"2009","2009","Michigan","26",144,0.03%,1.45,9901591
,"2009","2009","Minnesota","27",161,0.04%,3.05,5281203
,"2009","2009","Mississippi","28",121,0.03%,4.09,2958774
,"2009","2009","Missouri","29",73,0.02%,1.22,5961088
,"2009","2009","Montana","30",8,0.00%,0.81,983982
,"2009","2009","Nebraska","31",32,0.01%,1.77,1812683
,"2009","2009","Nevada","32",105,0.03%,3.91,2684665
,"2009","2009","New Hampshire","33",16,0.00%,1.22,1316102
,"2009","2009","New Jersey","34",404,0.10%,4.61,8755602
,"2009","2009","New Mexico","35",48,0.01%,2.36,2036802
,"2009","2009","New York","36",1003,0.24%,5.19,19307066
,"2009","2009","North Carolina","37",250,0.06%,2.65,9449566
,"2009","2009","North Dakota","38",5,0.00%,0.75,664968
,"2009","2009","Ohio","39",180,0.04%,1.56,11528896
,"2009","2009","Oklahoma","40",102,0.02%,2.74,3717572
,"2009","2009","Oregon","41",89,0.02%,2.34,3808600
,"2009","2009","Pennsylvania","42",233,0.06%,1.84,12666858
,"2009","2009","Rhode Island","44",24,0.01%,2.28,1053646
,"2009","2009","South Carolina","45",164,0.04%,3.57,4589872
,"2009","2009","South Dakota","46",18,0.00%,2.23,807067
,"2009","2009","Tennessee","47",202,0.05%,3.20,6306019
,"2009","2009","Texas","48",1494,0.36%,6.02,24801761
,"2009","2009","Utah","49",37,0.01%,1.36,2723421
,"2009","2009","Vermont","50",6,0.00%,0.96,624817
,"2009","2009","Virginia","51",271,0.06%,3.42,7925937
,"2009","2009","Washington","53",256,0.06%,3.84,6667426
,"2009","2009","West Virginia","54",19,0.00%,1.03,1847775
,"2009","2009","Wisconsin","55",68,0.02%,1.20,5669264
,"2009","2009","Wyoming","56",2,0.00%,0.36,559851
"Total","2009","2009",,,11492,2.74%,3.75,306771529
,"2008","2008","Alabama","01",176,0.04%,3.73,4718206
,"2008","2008","Alaska","02",50,0.01%,7.27,687455
,"2008","2008","Arizona","04",227,0.05%,3.61,6280362
,"2008","2008","Arkansas","05",83,0.02%,2.89,2874554
,"2008","2008","California","06",2695,0.64%,7.36,36604337
,"2008","2008","Colorado","08",103,0.02%,2.11,4889730
,"2008","2008","Connecticut","09",98,0.02%,2.76,3545579
,"2008","2008","Delaware","10",23,0.01%,2.60,883874
,"2008","2008","District of Columbia","11",54,0.01%,9.31,580236
,"2008","2008","Florida","12",957,0.23%,5.17,18527305
,"2008","2008","Georgia","13",476,0.11%,5.01,9504843
,"2008","2008","Hawaii","15",124,0.03%,9.31,1332213
,"2008","2008","Idaho","16",11,0.00%,0.72,1534320
,"2008","2008","Illinois","17",465,0.11%,3.65,12747038
,"2008","2008","Indiana","18",118,0.03%,1.84,6424806
,"2008","2008","Iowa","19",49,0.01%,1.62,3016734
,"2008","2008","Kansas","20",57,0.01%,2.03,2808076
,"2008","2008","Kentucky","21",101,0.02%,2.35,4289878
,"2008","2008","Louisiana","22",227,0.05%,5.12,4435586
,"2008","2008","Maine","23",9,0.00%,0.68,1330509
,"2008","2008","Maryland","24",278,0.07%,4.89,5684965
,"2008","2008","Massachusetts","25",261,0.06%,4.03,6468967
,"2008","2008","Michigan","26",188,0.04%,1.89,9946889
,"2008","2008","Minnesota","27",211,0.05%,4.02,5247018
,"2008","2008","Mississippi","28",117,0.03%,3.97,2947806
,"2008","2008","Missouri","29",107,0.03%,1.81,5923916
,"2008","2008","Montana","30",9,0.00%,0.92,976415
,"2008","2008","Nebraska","31",33,0.01%,1.84,1796378
,"2008","2008","Nevada","32",102,0.02%,3.84,2653630
,"2008","2008","New Hampshire","33",19,0.00%,1.44,1315906
,"2008","2008","New Jersey","34",422,0.10%,4.84,8711090
,"2008","2008","New Mexico","35",59,0.01%,2.93,2010662
,"2008","2008","New York","36",1190,0.28%,6.19,19212436
,"2008","2008","North Carolina","37",335,0.08%,3.60,9309449
,"2008","2008","North Dakota","38",0,0.00%,0.00,657569
,"2008","2008","Ohio","39",213,0.05%,1.85,11515391
,"2008","2008","Oklahoma","40",100,0.02%,2.73,3668976
,"2008","2008","Oregon","41",75,0.02%,1.99,3768748
,"2008","2008","Pennsylvania","42",387,0.09%,3.07,12612285
,"2008","2008","Rhode Island","44",36,0.01%,3.41,1055003
,"2008","2008","South Carolina","45",188,0.04%,4.15,4528996
,"2008","2008","South Dakota","46",16,0.00%,2.00,799124
,"2008","2008","Tennessee","47",282,0.07%,4.51,6247411
,"2008","2008","Texas","48",1500,0.36%,6.17,24309039
,"2008","2008","Utah","49",27,0.01%,1.01,2663029
,"2008","2008","Vermont","50",6,0.00%,0.96,624151
,"2008","2008","Virginia","51",292,0.07%,3.73,7833496
,"2008","2008","Washington","53",219,0.05%,3.34,6562231
,"2008","2008","West Virginia","54",28,0.01%,1.52,1840310
,"2008","2008","Wisconsin","55",68,0.02%,1.21,5640996
,"2008","2008","Wyoming","56",5,0.00%,0.92,546043
"Total","2008","2008",,,12876,3.07%,4.23,304093966
,"2007","2007","Alabama","01",176,0.04%,3.77,4672840
,"2007","2007","Alaska","02",50,0.01%,7.35,680300
,"2007","2007","Arizona","04",302,0.07%,4.90,6167681
,"2007","2007","Arkansas","05",106,0.03%,3.72,2848650
,"2007","2007","California","06",2722,0.65%,7.51,36250311
,"2007","2007","Colorado","08",111,0.03%,2.31,4803868
,"2007","2007","Connecticut","09",108,0.03%,3.06,3527270
,"2007","2007","Delaware","10",19,0.00%,2.18,871749
,"2007","2007","District of Columbia","11",59,0.01%,10.27,574404
,"2007","2007","Florida","12",988,0.24%,5.38,18367842
,"2007","2007","Georgia","13",476,0.11%,5.09,9349988
,"2007","2007","Hawaii","15",122,0.03%,9.27,1315675
,"2007","2007","Idaho","16",9,0.00%,0.60,1505105
,"2007","2007","Illinois","17",519,0.12%,4.09,12695866
,"2007","2007","Indiana","18",128,0.03%,2.01,6379599
,"2007","2007","Iowa","19",43,0.01%,1.43,2999212
,"2007","2007","Kansas","20",59,0.01%,2.12,2783785
,"2007","2007","Kentucky","21",120,0.03%,2.82,4256672
,"2007","2007","Louisiana","22",217,0.05%,4.96,4375581
,"2007","2007","Maine","23",19,0.00%,1.43,1327040
,"2007","2007","Maryland","24",271,0.06%,4.79,5653408
,"2007","2007","Massachusetts","25",224,0.05%,3.48,6431559
,"2007","2007","Michigan","26",226,0.05%,2.26,10001284
,"2007","2007","Minnesota","27",238,0.06%,4.57,5207203
,"2007","2007","Mississippi","28",137,0.03%,4.68,2928350
,"2007","2007","Missouri","29",118,0.03%,2.00,5887612
,"2007","2007","Montana","30",11,0.00%,1.14,964706
,"2007","2007","Nebraska","31",25,0.01%,1.40,1783440
,"2007","2007","Nevada","32",102,0.02%,3.92,2601072
,"2007","2007","New Hampshire","33",11,0.00%,0.84,1312540
,"2007","2007","New Jersey","34",467,0.11%,5.38,8677885
,"2007","2007","New Mexico","35",51,0.01%,2.56,1990070
,"2007","2007","New York","36",1169,0.28%,6.11,19132335
,"2007","2007","North Carolina","37",345,0.08%,3.78,9118037
,"2007","2007","North Dakota","38",7,0.00%,1.07,652822
,"2007","2007","Ohio","39",251,0.06%,2.18,11500468
,"2007","2007","Oklahoma","40",149,0.04%,4.10,3634349
,"2007","2007","Oregon","41",94,0.02%,2.53,3722417
,"2007","2007","Pennsylvania","42",275,0.07%,2.19,12563937
,"2007","2007","Rhode Island","44",45,0.01%,4.26,1057315
,"2007","2007","South Carolina","45",218,0.05%,4.91,4444110
,"2007","2007","South Dakota","46",13,0.00%,1.64,791623
,"2007","2007","Tennessee","47",235,0.06%,3.81,6175727
,"2007","2007","Texas","48",1504,0.36%,6.31,23831983
,"2007","2007","Utah","49",39,0.01%,1.50,2597746
,"2007","2007","Vermont","50",3,0.00%,0.48,623481
,"2007","2007","Virginia","51",309,0.07%,3.99,7751000
,"2007","2007","Washington","53",272,0.06%,4.21,6461587
,"2007","2007","West Virginia","54",24,0.01%,1.31,1834052
,"2007","2007","Wisconsin","55",70,0.02%,1.25,5610775
,"2007","2007","Wyoming","56",2,0.00%,0.37,534876
"Total","2007","2007",,,13258,3.16%,4.40,301231207
,"2006","2006","Alabama","01",196,0.05%,4.23,4628981
,"2006","2006","Alaska","02",70,0.02%,10.37,675302
,"2006","2006","Arizona","04",313,0.07%,5.19,6029141
,"2006","2006","Arkansas","05",102,0.02%,3.61,2821761
,"2006","2006","California","06",2776,0.66%,7.71,36021202
,"2006","2006","Colorado","08",124,0.03%,2.63,4720423
,"2006","2006","Connecticut","09",89,0.02%,2.53,3517460
,"2006","2006","Delaware","10",29,0.01%,3.37,859268
,"2006","2006","District of Columbia","11",72,0.02%,12.62,570681
,"2006","2006","Florida","12",1032,0.25%,5.68,18166990
,"2006","2006","Georgia","13",505,0.12%,5.52,9155813
,"2006","2006","Hawaii","15",114,0.03%,8.70,1309731
,"2006","2006","Idaho","16",20,0.00%,1.36,1468669
,"2006","2006","Illinois","17",563,0.13%,4.45,12643955
,"2006","2006","Indiana","18",124,0.03%,1.96,6332669
,"2006","2006","Iowa","19",40,0.01%,1.34,2982644
,"2006","2006","Kansas","20",82,0.02%,2.97,2762931
,"2006","2006","Kentucky","21",84,0.02%,1.99,4219239
,"2006","2006","Louisiana","22",205,0.05%,4.76,4302665
,"2006","2006","Maine","23",16,0.00%,1.21,1323619
,"2006","2006","Maryland","24",252,0.06%,4.48,5627367
,"2006","2006","Massachusetts","25",259,0.06%,4.04,6410084
,"2006","2006","Michigan","26",221,0.05%,2.20,10036081
,"2006","2006","Minnesota","27",217,0.05%,4.20,5163555
,"2006","2006","Mississippi","28",115,0.03%,3.96,2904978
,"2006","2006","Missouri","29",104,0.02%,1.78,5842704
,"2006","2006","Montana","30",13,0.00%,1.36,952692
,"2006","2006","Nebraska","31",25,0.01%,1.41,1772693
,"2006","2006","Nevada","32",101,0.02%,4.00,2522658
,"2006","2006","New Hampshire","33",17,0.00%,1.30,1308389
,"2006","2006","New Jersey","34",508,0.12%,5.86,8661679
,"2006","2006","New Mexico","35",48,0.01%,2.45,1962137
,"2006","2006","New York","36",1263,0.30%,6.61,19104631
,"2006","2006","North Carolina","37",375,0.09%,4.21,8917270
,"2006","2006","North Dakota","38",10,0.00%,1.54,649422
,"2006","2006","Ohio","39",239,0.06%,2.08,11481213
,"2006","2006","Oklahoma","40",144,0.03%,4.01,3594090
,"2006","2006","Oregon","41",81,0.02%,2.21,3670883
,"2006","2006","Pennsylvania","42",337,0.08%,2.69,12510809
,"2006","2006","Rhode Island","44",26,0.01%,2.45,1063096
,"2006","2006","South Carolina","45",222,0.05%,5.09,4357847
,"2006","2006","South Dakota","46",14,0.00%,1.79,783033
,"2006","2006","Tennessee","47",277,0.07%,4.55,6088766
,"2006","2006","Texas","48",1566,0.37%,6.70,23359580
,"2006","2006","Utah","49",34,0.01%,1.35,2525507
,"2006","2006","Vermont","50",8,0.00%,1.28,622892
,"2006","2006","Virginia","51",332,0.08%,4.33,7673725
,"2006","2006","Washington","53",252,0.06%,3.96,6370753
,"2006","2006","West Virginia","54",22,0.01%,1.20,1827912
,"2006","2006","Wisconsin","55",74,0.02%,1.33,5577655
,"2006","2006","Wyoming","56",4,0.00%,0.77,522667
"Total","2006","2006",,,13716,3.27%,4.60,298379912
,"2005","2005","Alabama","01",216,0.05%,4.73,4569805
,"2005","2005","Alaska","02",59,0.01%,8.85,666946
,"2005","2005","Arizona","04",281,0.07%,4.81,5839077
,"2005","2005","Arkansas","05",117,0.03%,4.21,2781097
,"2005","2005","California","06",2897,0.69%,8.09,35827943
,"2005","2005","Colorado","08",101,0.02%,2.18,4631888
,"2005","2005","Connecticut","09",96,0.02%,2.74,3506956
,"2005","2005","Delaware","10",27,0.01%,3.19,845150
,"2005","2005","District of Columbia","11",55,0.01%,9.70,567136
,"2005","2005","Florida","12",1093,0.26%,6.13,17842038
,"2005","2005","Georgia","13",504,0.12%,5.65,8925922
,"2005","2005","Hawaii","15",112,0.03%,8.66,1292729
,"2005","2005","Idaho","16",23,0.01%,1.61,1428241
,"2005","2005","Illinois","17",589,0.14%,4.67,12609903
,"2005","2005","Indiana","18",146,0.03%,2.33,6278616
,"2005","2005","Iowa","19",55,0.01%,1.86,2964454
,"2005","2005","Kansas","20",60,0.01%,2.19,2745299
,"2005","2005","Kentucky","21",124,0.03%,2.96,4182742
,"2005","2005","Louisiana","22",266,0.06%,5.81,4576628
,"2005","2005","Maine","23",17,0.00%,1.29,1318787
,"2005","2005","Maryland","24",283,0.07%,5.06,5592379
,"2005","2005","Massachusetts","25",266,0.06%,4.15,6403290
,"2005","2005","Michigan","26",245,0.06%,2.44,10051137
,"2005","2005","Minnesota","27",199,0.05%,3.89,5119598
,"2005","2005","Mississippi","28",103,0.02%,3.54,2905943
,"2005","2005","Missouri","29",108,0.03%,1.87,5790300
,"2005","2005","Montana","30",10,0.00%,1.06,940102
,"2005","2005","Nebraska","31",35,0.01%,1.99,1761497
,"2005","2005","Nevada","32",112,0.03%,4.60,2432143
,"2005","2005","New Hampshire","33",4,0.00%,0.31,1298492
,"2005","2005","New Jersey","34",485,0.12%,5.61,8651974
,"2005","2005","New Mexico","35",39,0.01%,2.02,1932274
,"2005","2005","New York","36",1283,0.31%,6.71,19132610
,"2005","2005","North Carolina","37",329,0.08%,3.78,8705407
,"2005","2005","North Dakota","38",6,0.00%,0.93,646089
,"2005","2005","Ohio","39",260,0.06%,2.27,11463320
,"2005","2005","Oklahoma","40",144,0.03%,4.06,3548597
,"2005","2005","Oregon","41",103,0.02%,2.85,3613202
,"2005","2005","Pennsylvania","42",320,0.08%,2.57,12449990
,"2005","2005","Rhode Island","44",47,0.01%,4.40,1067916
,"2005","2005","South Carolina","45",261,0.06%,6.11,4270150
,"2005","2005","South Dakota","46",16,0.00%,2.06,775493
,"2005","2005","Tennessee","47",299,0.07%,4.99,5991057
,"2005","2005","Texas","48",1525,0.36%,6.70,22778123
,"2005","2005","Utah","49",29,0.01%,1.18,2457719
,"2005","2005","Vermont","50",8,0.00%,1.29,621215
,"2005","2005","Virginia","51",355,0.08%,4.69,7577105
,"2005","2005","Washington","53",245,0.06%,3.92,6257305
,"2005","2005","West Virginia","54",28,0.01%,1.54,1820492
,"2005","2005","Wisconsin","55",67,0.02%,1.21,5546166
,"2005","2005","Wyoming","56",0,0.00%,0.00,514157
"Total","2005","2005",,,14052,3.35%,4.76,295516599
,"2004","2004","Alabama","01",211,0.05%,4.66,4530729
,"2004","2004","Alaska","02",43,0.01%,6.52,659286
,"2004","2004","Arizona","04",272,0.06%,4.81,5652404
,"2004","2004","Arkansas","05",134,0.03%,4.87,2749686
,"2004","2004","California","06",2990,0.71%,8.40,35574576
,"2004","2004","Colorado","08",128,0.03%,2.80,4575013
,"2004","2004","Connecticut","09",101,0.02%,2.89,3496094
,"2004","2004","Delaware","10",33,0.01%,3.97,830803
,"2004","2004","District of Columbia","11",81,0.02%,14.27,567754
,"2004","2004","Florida","12",1074,0.26%,6.17,17415318
,"2004","2004","Georgia","13",537,0.13%,6.12,8769252
,"2004","2004","Hawaii","15",116,0.03%,9.11,1273569
,"2004","2004","Idaho","16",11,0.00%,0.79,1391802
,"2004","2004","Illinois","17",567,0.14%,4.50,12589773
,"2004","2004","Indiana","18",128,0.03%,2.05,6233007
,"2004","2004","Iowa","19",47,0.01%,1.59,2953635
,"2004","2004","Kansas","20",62,0.01%,2.27,2734373
,"2004","2004","Kentucky","21",127,0.03%,3.06,4146101
,"2004","2004","Louisiana","22",248,0.06%,5.45,4552238
,"2004","2004","Maine","23",20,0.00%,1.52,1313688
,"2004","2004","Maryland","24",313,0.07%,5.64,5546935
,"2004","2004","Massachusetts","25",283,0.07%,4.41,6412281
,"2004","2004","Michigan","26",272,0.06%,2.71,10055315
,"2004","2004","Minnesota","27",199,0.05%,3.91,5087713
,"2004","2004","Mississippi","28",119,0.03%,4.12,2889010
,"2004","2004","Missouri","29",127,0.03%,2.21,5747741
,"2004","2004","Montana","30",15,0.00%,1.61,930009
,"2004","2004","Nebraska","31",39,0.01%,2.23,1749370
,"2004","2004","Nevada","32",95,0.02%,4.05,2346222
,"2004","2004","New Hampshire","33",24,0.01%,1.86,1290121
,"2004","2004","New Jersey","34",482,0.11%,5.58,8634561
,"2004","2004","New Mexico","35",42,0.01%,2.21,1903808
,"2004","2004","New York","36",1359,0.32%,7.09,19171567
,"2004","2004","North Carolina","37",381,0.09%,4.45,8553152
,"2004","2004","North Dakota","38",4,0.00%,0.62,644705
,"2004","2004","Ohio","39",219,0.05%,1.91,11452251
,"2004","2004","Oklahoma","40",178,0.04%,5.05,3525233
,"2004","2004","Oregon","41",106,0.03%,2.97,3569463
,"2004","2004","Pennsylvania","42",328,0.08%,2.64,12410722
,"2004","2004","Rhode Island","44",51,0.01%,4.75,1074579
,"2004","2004","South Carolina","45",233,0.06%,5.53,4210921
,"2004","2004","South Dakota","46",11,0.00%,1.43,770396
,"2004","2004","Tennessee","47",278,0.07%,4.70,5910809
,"2004","2004","Texas","48",1670,0.40%,7.46,22394023
,"2004","2004","Utah","49",36,0.01%,1.50,2401580
,"2004","2004","Vermont","50",6,0.00%,0.97,619920
,"2004","2004","Virginia","51",329,0.08%,4.40,7475575
,"2004","2004","Washington","53",241,0.06%,3.90,6178645
,"2004","2004","West Virginia","54",24,0.01%,1.32,1816438
,"2004","2004","Wisconsin","55",95,0.02%,1.72,5514026
,"2004","2004","Wyoming","56",5,0.00%,0.98,509106
"Total","2004","2004",,,14494,3.45%,4.95,292805298
,"2003","2003","Alabama","01",258,0.06%,5.73,4503491
,"2003","2003","Alaska","02",57,0.01%,8.79,648414
,"2003","2003","Arizona","04",295,0.07%,5.35,5510364
,"2003","2003","Arkansas","05",128,0.03%,4.70,2724816
,"2003","2003","California","06",3218,0.77%,9.13,35253159
,"2003","2003","Colorado","08",111,0.03%,2.45,4528732
,"2003","2003","Connecticut","09",111,0.03%,3.19,3484336
,"2003","2003","Delaware","10",32,0.01%,3.91,818003
,"2003","2003","District of Columbia","11",79,0.02%,13.90,568502
,"2003","2003","Florida","12",1041,0.25%,6.12,17004085
,"2003","2003","Georgia","13",532,0.13%,6.17,8622793
,"2003","2003","Hawaii","15",116,0.03%,9.27,1251154
,"2003","2003","Idaho","16",13,0.00%,0.95,1363380
,"2003","2003","Illinois","17",632,0.15%,5.03,12556006
,"2003","2003","Indiana","18",143,0.03%,2.31,6196638
,"2003","2003","Iowa","19",40,0.01%,1.36,2941999
,"2003","2003","Kansas","20",75,0.02%,2.75,2723004
,"2003","2003","Kentucky","21",138,0.03%,3.35,4117170
,"2003","2003","Louisiana","22",256,0.06%,5.66,4521042
,"2003","2003","Maine","23",24,0.01%,1.84,1306513
,"2003","2003","Maryland","24",269,0.06%,4.89,5496269
,"2003","2003","Massachusetts","25",261,0.06%,4.06,6422565
,"2003","2003","Michigan","26",243,0.06%,2.42,10041152
,"2003","2003","Minnesota","27",214,0.05%,4.23,5053572
,"2003","2003","Mississippi","28",129,0.03%,4.50,2868312
,"2003","2003","Missouri","29",130,0.03%,2.28,5709403
,"2003","2003","Montana","30",7,0.00%,0.76,919630
,"2003","2003","Nebraska","31",28,0.01%,1.61,1738643
,"2003","2003","Nevada","32",106,0.03%,4.71,2248850
,"2003","2003","New Hampshire","33",15,0.00%,1.17,1279840
,"2003","2003","New Jersey","34",495,0.12%,5.75,8601402
,"2003","2003","New Mexico","35",49,0.01%,2.61,1877574
,"2003","2003","New York","36",1471,0.35%,7.67,19175939
,"2003","2003","North Carolina","37",374,0.09%,4.44,8422501
,"2003","2003","North Dakota","38",6,0.00%,0.94,638817
,"2003","2003","Ohio","39",229,0.05%,2.00,11434788
,"2003","2003","Oklahoma","40",163,0.04%,4.65,3504892
,"2003","2003","Oregon","41",106,0.03%,2.99,3547376
,"2003","2003","Pennsylvania","42",336,0.08%,2.72,12374658
,"2003","2003","Rhode Island","44",46,0.01%,4.29,1071342
,"2003","2003","South Carolina","45",254,0.06%,6.12,4150297
,"2003","2003","South Dakota","46",20,0.00%,2.62,763729
,"2003","2003","Tennessee","47",286,0.07%,4.89,5847812
,"2003","2003","Texas","48",1579,0.38%,7.17,22030931
,"2003","2003","Utah","49",39,0.01%,1.65,2360137
,"2003","2003","Vermont","50",8,0.00%,1.29,617858
,"2003","2003","Virginia","51",332,0.08%,4.51,7366977
,"2003","2003","Washington","53",243,0.06%,3.98,6104115
,"2003","2003","West Virginia","54",21,0.01%,1.16,1812295
,"2003","2003","Wisconsin","55",66,0.02%,1.20,5479203
,"2003","2003","Wyoming","56",4,0.00%,0.79,503453
"Total","2003","2003",,,14828,3.53%,5.11,290107933
,"2002","2002","Alabama","01",233,0.06%,5.20,4480089
,"2002","2002","Alaska","02",49,0.01%,7.63,642337
,"2002","2002","Arizona","04",263,0.06%,4.87,5396255
,"2002","2002","Arkansas","05",136,0.03%,5.03,2705927
,"2002","2002","California","06",3172,0.76%,9.10,34871843
,"2002","2002","Colorado","08",103,0.02%,2.29,4490406
,"2002","2002","Connecticut","09",105,0.03%,3.04,3458749
,"2002","2002","Delaware","10",25,0.01%,3.10,806169
,"2002","2002","District of Columbia","11",82,0.02%,14.31,573158
,"2002","2002","Florida","12",1084,0.26%,6.50,16689370
,"2002","2002","Georgia","13",535,0.13%,6.29,8508256
,"2002","2002","Hawaii","15",148,0.04%,11.94,1239613
,"2002","2002","Idaho","16",14,0.00%,1.04,1340372
,"2002","2002","Illinois","17",679,0.16%,5.42,12525556
,"2002","2002","Indiana","18",128,0.03%,2.08,6155967
,"2002","2002","Iowa","19",34,0.01%,1.16,2934234
,"2002","2002","Kansas","20",86,0.02%,3.17,2713535
,"2002","2002","Kentucky","21",146,0.03%,3.57,4089875
,"2002","2002","Louisiana","22",230,0.05%,5.11,4497267
,"2002","2002","Maine","23",23,0.01%,1.77,1295960
,"2002","2002","Maryland","24",306,0.07%,5.62,5440389
,"2002","2002","Massachusetts","25",271,0.06%,4.22,6417206
,"2002","2002","Michigan","26",315,0.08%,3.15,10015710
,"2002","2002","Minnesota","27",237,0.06%,4.72,5018935
,"2002","2002","Mississippi","28",134,0.03%,4.69,2858681
,"2002","2002","Missouri","29",136,0.03%,2.40,5674825
,"2002","2002","Montana","30",12,0.00%,1.32,911667
,"2002","2002","Nebraska","31",28,0.01%,1.62,1728292
,"2002","2002","Nevada","32",85,0.02%,3.91,2173791
,"2002","2002","New Hampshire","33",19,0.00%,1.50,1269089
,"2002","2002","New Jersey","34",530,0.13%,6.20,8552643
,"2002","2002","New Mexico","35",57,0.01%,3.07,1855309
,"2002","2002","New York","36",1418,0.34%,7.41,19137800
,"2002","2002","North Carolina","37",434,0.10%,5.21,8326201
,"2002","2002","North Dakota","38",6,0.00%,0.94,638168
,"2002","2002","Ohio","39",257,0.06%,2.25,11407889
,"2002","2002","Oklahoma","40",190,0.05%,5.45,3489080
,"2002","2002","Oregon","41",111,0.03%,3.16,3513424
,"2002","2002","Pennsylvania","42",353,0.08%,2.86,12331031
,"2002","2002","Rhode Island","44",49,0.01%,4.60,1065995
,"2002","2002","South Carolina","45",256,0.06%,6.23,4107795
,"2002","2002","South Dakota","46",13,0.00%,1.71,760020
,"2002","2002","Tennessee","47",308,0.07%,5.31,5795918
,"2002","2002","Texas","48",1538,0.37%,7.09,21690325
,"2002","2002","Utah","49",31,0.01%,1.33,2324815
,"2002","2002","Vermont","50",8,0.00%,1.30,615442
,"2002","2002","Virginia","51",315,0.08%,4.32,7286873
,"2002","2002","Washington","53",245,0.06%,4.05,6052349
,"2002","2002","West Virginia","54",30,0.01%,1.66,1805414
,"2002","2002","Wisconsin","55",78,0.02%,1.43,5445162
,"2002","2002","Wyoming","56",3,0.00%,0.60,500017
"Total","2002","2002",,,15048,3.58%,5.23,287625193
,"2001","2001","Alabama","01",264,0.06%,5.91,4467634
,"2001","2001","Alaska","02",54,0.01%,8.52,633714
,"2001","2001","Arizona","04",289,0.07%,5.48,5273477
,"2001","2001","Arkansas","05",162,0.04%,6.02,2691571
,"2001","2001","California","06",3329,0.79%,9.66,34479458
,"2001","2001","Colorado","08",138,0.03%,3.12,4425687
,"2001","2001","Connecticut","09",121,0.03%,3.52,3432835
,"2001","2001","Delaware","10",33,0.01%,4.15,795699
,"2001","2001","District of Columbia","11",74,0.02%,12.88,574504
,"2001","2001","Florida","12",1138,0.27%,6.96,16356966
,"2001","2001","Georgia","13",577,0.14%,6.89,8377038
,"2001","2001","Hawaii","15",150,0.04%,12.24,1225948
,"2001","2001","Idaho","16",9,0.00%,0.68,1319962
,"2001","2001","Illinois","17",703,0.17%,5.63,12488445
,"2001","2001","Indiana","18",115,0.03%,1.88,6127760
,"2001","2001","Iowa","19",43,0.01%,1.47,2931997
,"2001","2001","Kansas","20",81,0.02%,3.00,2702162
,"2001","2001","Kentucky","21",152,0.04%,3.74,4068132
,"2001","2001","Louisiana","22",294,0.07%,6.57,4477875
,"2001","2001","Maine","23",20,0.00%,1.56,1285692
,"2001","2001","Maryland","24",262,0.06%,4.87,5374691
,"2001","2001","Massachusetts","25",270,0.06%,4.22,6397634
,"2001","2001","Michigan","26",329,0.08%,3.29,9991120
,"2001","2001","Minnesota","27",239,0.06%,4.80,4982796
,"2001","2001","Mississippi","28",154,0.04%,5.40,2852994
,"2001","2001","Missouri","29",156,0.04%,2.77,5641142
,"2001","2001","Montana","30",20,0.00%,2.21,906961
,"2001","2001","Nebraska","31",40,0.01%,2.33,1719836
,"2001","2001","Nevada","32",96,0.02%,4.57,2098399
,"2001","2001","New Hampshire","33",20,0.00%,1.59,1255517
,"2001","2001","New Jersey","34",530,0.13%,6.24,8492671
,"2001","2001","New Mexico","35",54,0.01%,2.95,1831690
,"2001","2001","New York","36",1645,0.39%,8.62,19082838
,"2001","2001","North Carolina","37",397,0.09%,4.84,8210122
,"2001","2001","North Dakota","38",6,0.00%,0.94,639062
,"2001","2001","Ohio","39",306,0.07%,2.69,11387404
,"2001","2001","Oklahoma","40",193,0.05%,5.57,3467100
,"2001","2001","Oregon","41",123,0.03%,3.55,3467937
,"2001","2001","Pennsylvania","42",349,0.08%,2.84,12298970
,"2001","2001","Rhode Island","44",60,0.01%,5.68,1057142
,"2001","2001","South Carolina","45",263,0.06%,6.47,4064995
,"2001","2001","South Dakota","46",13,0.00%,1.72,757972
,"2001","2001","Tennessee","47",313,0.07%,5.44,5750789
,"2001","2001","Texas","48",1631,0.39%,7.65,21319622
,"2001","2001","Utah","49",35,0.01%,1.53,2283715
,"2001","2001","Vermont","50",7,0.00%,1.14,612223
,"2001","2001","Virginia","51",306,0.07%,4.25,7198362
,"2001","2001","Washington","53",253,0.06%,4.23,5985722
,"2001","2001","West Virginia","54",32,0.01%,1.78,1801481
,"2001","2001","Wisconsin","55",86,0.02%,1.59,5406835
,"2001","2001","Wyoming","56",3,0.00%,0.61,494657
"Total","2001","2001",,,15937,3.80%,5.59,284968955
,"2000","2000","Alabama","01",310,0.07%,6.96,4452173
,"2000","2000","Alaska","02",108,0.03%,17.20,627963
,"2000","2000","Arizona","04",261,0.06%,5.06,5160586
,"2000","2000","Arkansas","05",199,0.05%,7.43,2678588
,"2000","2000","California","06",3288,0.78%,9.67,33987977
,"2000","2000","Colorado","08",97,0.02%,2.24,4326921
,"2000","2000","Connecticut","09",105,0.03%,3.08,3411777
,"2000","2000","Delaware","10",28,0.01%,3.56,786373
,"2000","2000","District of Columbia","11",85,0.02%,14.86,572046
,"2000","2000","Florida","12",1164,0.28%,7.25,16047515
,"2000","2000","Georgia","13",695,0.17%,8.45,8227303
,"2000","2000","Hawaii","15",136,0.03%,11.21,1213519
,"2000","2000","Idaho","16",16,0.00%,1.23,1299430
,"2000","2000","Illinois","17",738,0.18%,5.94,12434161
,"2000","2000","Indiana","18",145,0.03%,2.38,6091866
,"2000","2000","Iowa","19",40,0.01%,1.37,2929067
,"2000","2000","Kansas","20",77,0.02%,2.86,2693681
,"2000","2000","Kentucky","21",147,0.04%,3.63,4049021
,"2000","2000","Louisiana","22",331,0.08%,7.40,4471885
,"2000","2000","Maine","23",24,0.01%,1.88,1277072
,"2000","2000","Maryland","24",283,0.07%,5.33,5311034
,"2000","2000","Massachusetts","25",285,0.07%,4.48,6361104
,"2000","2000","Michigan","26",287,0.07%,2.88,9952450
,"2000","2000","Minnesota","27",178,0.04%,3.61,4933692
,"2000","2000","Mississippi","28",173,0.04%,6.07,2848353
,"2000","2000","Missouri","29",210,0.05%,3.75,5607285
,"2000","2000","Montana","30",21,0.01%,2.32,903773
,"2000","2000","Nebraska","31",24,0.01%,1.40,1713820
,"2000","2000","Nevada","32",96,0.02%,4.76,2018741
,"2000","2000","New Hampshire","33",22,0.01%,1.77,1239882
,"2000","2000","New Jersey","34",565,0.13%,6.70,8430621
,"2000","2000","New Mexico","35",46,0.01%,2.53,1821204
,"2000","2000","New York","36",1718,0.41%,9.04,19001780
,"2000","2000","North Carolina","37",447,0.11%,5.53,8081614
,"2000","2000","North Dakota","38",5,0.00%,0.78,642023
,"2000","2000","Ohio","39",338,0.08%,2.97,11363543
,"2000","2000","Oklahoma","40",153,0.04%,4.43,3454365
,"2000","2000","Oregon","41",119,0.03%,3.47,3429708
,"2000","2000","Pennsylvania","42",383,0.09%,3.12,12284173
,"2000","2000","Rhode Island","44",49,0.01%,4.67,1050268
,"2000","2000","South Carolina","45",286,0.07%,7.11,4024223
,"2000","2000","South Dakota","46",16,0.00%,2.12,755844
,"2000","2000","Tennessee","47",382,0.09%,6.70,5703719
,"2000","2000","Texas","48",1496,0.36%,7.14,20944499
,"2000","2000","Utah","49",49,0.01%,2.18,2244502
,"2000","2000","Vermont","50",4,0.00%,0.66,609618
,"2000","2000","Virginia","51",292,0.07%,4.11,7105817
,"2000","2000","Washington","53",255,0.06%,4.31,5910512
,"2000","2000","West Virginia","54",33,0.01%,1.83,1807021
,"2000","2000","Wisconsin","55",92,0.02%,1.71,5373999
,"2000","2000","Wyoming","56",4,0.00%,0.81,494300
"Total","2000","2000",,,16305,3.88%,5.78,282162411
,"1999","1999","Alabama","01",314,0.07%,7.09,4430141
,"1999","1999","Alaska","02",61,0.01%,9.76,624779
,"1999","1999","Arizona","04",262,0.06%,5.22,5023823
,"1999","1999","Arkansas","05",181,0.04%,6.83,2651860
,"1999","1999","California","06",3604,0.86%,10.76,33499204
,"1999","1999","Colorado","08",88,0.02%,2.08,4226018
,"1999","1999","Connecticut","09",121,0.03%,3.57,3386401
,"1999","1999","Delaware","10",34,0.01%,4.39,774990
,"1999","1999","District of Columbia","11",70,0.02%,12.28,570220
,"1999","1999","Florida","12",1273,0.30%,8.08,15759421
,"1999","1999","Georgia","13",670,0.16%,8.33,8045965
,"1999","1999","Hawaii","15",184,0.04%,15.20,1210300
,"1999","1999","Idaho","16",16,0.00%,1.25,1275674
,"1999","1999","Illinois","17",822,0.20%,6.65,12359020
,"1999","1999","Indiana","18",150,0.04%,2.48,6044970
,"1999","1999","Iowa","19",58,0.01%,1.99,2917634
,"1999","1999","Kansas","20",69,0.02%,2.58,2678338
,"1999","1999","Kentucky","21",209,0.05%,5.20,4018053
,"1999","1999","Louisiana","22",357,0.09%,8.00,4460811
,"1999","1999","Maine","23",23,0.01%,1.82,1266808
,"1999","1999","Maryland","24",292,0.07%,5.56,5254509
,"1999","1999","Massachusetts","25",270,0.06%,4.27,6317345
,"1999","1999","Michigan","26",349,0.08%,3.53,9897116
,"1999","1999","Minnesota","27",201,0.05%,4.12,4873481
,"1999","1999","Mississippi","28",215,0.05%,7.60,2828408
,"1999","1999","Missouri","29",208,0.05%,3.74,5561948
,"1999","1999","Montana","30",14,0.00%,1.56,897508
,"1999","1999","Nebraska","31",18,0.00%,1.06,1704764
,"1999","1999","Nevada","32",93,0.02%,4.81,1934718
,"1999","1999","New Hampshire","33",19,0.00%,1.55,1222015
,"1999","1999","New Jersey","34",570,0.14%,6.82,8359592
,"1999","1999","New Mexico","35",64,0.02%,3.54,1808082
,"1999","1999","New York","36",1824,0.43%,9.66,18882725
,"1999","1999","North Carolina","37",488,0.12%,6.14,7949362
,"1999","1999","North Dakota","38",7,0.00%,1.09,644259
,"1999","1999","Ohio","39",317,0.08%,2.80,11335454
,"1999","1999","Oklahoma","40",208,0.05%,6.05,3437148
,"1999","1999","Oregon","41",123,0.03%,3.62,3393941
,"1999","1999","Pennsylvania","42",453,0.11%,3.69,12263805
,"1999","1999","Rhode Island","44",53,0.01%,5.09,1040402
,"1999","1999","South Carolina","45",315,0.08%,7.93,3974682
,"1999","1999","South Dakota","46",21,0.01%,2.80,750413
,"1999","1999","Tennessee","47",382,0.09%,6.77,5638706
,"1999","1999","Texas","48",1639,0.39%,7.97,20558220
,"1999","1999","Utah","49",40,0.01%,1.82,2203482
,"1999","1999","Vermont","50",3,0.00%,0.50,604683
,"1999","1999","Virginia","51",334,0.08%,4.77,7000174
,"1999","1999","Washington","53",251,0.06%,4.30,5842564
,"1999","1999","West Virginia","54",42,0.01%,2.32,1811799
,"1999","1999","Wisconsin","55",110,0.03%,2.06,5332666
,"1999","1999","Wyoming","56",3,0.00%,0.61,491780
"Total","1999","1999",,,17492,4.17%,6.27,279040181
,"1998","1998","Alabama","01",381,0.09%,8.65,4404701
,"1998","1998","Alaska","02",55,0.01%,8.87,619933
,"1998","1998","Arizona","04",254,0.06%,5.20,4883342
,"1998","1998","Arkansas","05",171,0.04%,6.51,2626289
,"1998","1998","California","06",3850,0.92%,11.67,32987675
,"1998","1998","Colorado","08",79,0.02%,1.92,4116639
,"1998","1998","Connecticut","09",127,0.03%,3.77,3365352
,"1998","1998","Delaware","10",36,0.01%,4.72,763335
,"1998","1998","District of Columbia","11",107,0.03%,18.93,565232
,"1998","1998","Florida","12",1294,0.31%,8.36,15486559
,"1998","1998","Georgia","13",630,0.15%,8.01,7863536
,"1998","1998","Hawaii","15",181,0.04%,14.89,1215233
,"1998","1998","Idaho","16",14,0.00%,1.12,1252330
,"1998","1998","Illinois","17",842,0.20%,6.86,12271847
,"1998","1998","Indiana","18",188,0.04%,3.13,5998881
,"1998","1998","Iowa","19",55,0.01%,1.89,2902872
,"1998","1998","Kansas","20",56,0.01%,2.10,2660598
,"1998","1998","Kentucky","21",179,0.04%,4.49,3985391
,"1998","1998","Louisiana","22",379,0.09%,8.54,4440344
,"1998","1998","Maine","23",13,0.00%,1.03,1259127
,"1998","1998","Maryland","24",321,0.08%,6.17,5204464
,"1998","1998","Massachusetts","25",280,0.07%,4.46,6271838
,"1998","1998","Michigan","26",383,0.09%,3.89,9847942
,"1998","1998","Minnesota","27",161,0.04%,3.34,4813412
,"1998","1998","Mississippi","28",225,0.05%,8.02,2804834
,"1998","1998","Missouri","29",184,0.04%,3.33,5521765
,"1998","1998","Montana","30",20,0.00%,2.24,892431
,"1998","1998","Nebraska","31",31,0.01%,1.83,1695817
,"1998","1998","Nevada","32",128,0.03%,6.91,1853192
,"1998","1998","New Hampshire","33",14,0.00%,1.16,1205941
,"1998","1998","New Jersey","34",639,0.15%,7.71,8287418
,"1998","1998","New Mexico","35",67,0.02%,3.74,1793484
,"1998","1998","New York","36",1974,0.47%,10.52,18755906
,"1998","1998","North Carolina","37",498,0.12%,6.38,7809122
,"1998","1998","North Dakota","38",10,0.00%,1.54,647532
,"1998","1998","Ohio","39",230,0.05%,2.03,11311536
,"1998","1998","Oklahoma","40",197,0.05%,5.79,3405194
,"1998","1998","Oregon","41",156,0.04%,4.65,3352449
,"1998","1998","Pennsylvania","42",447,0.11%,3.65,12245672
,"1998","1998","Rhode Island","44",63,0.02%,6.11,1031155
,"1998","1998","South Carolina","45",286,0.07%,7.30,3919235
,"1998","1998","South Dakota","46",23,0.01%,3.08,746059
,"1998","1998","Tennessee","47",439,0.10%,7.88,5570045
,"1998","1998","Texas","48",1802,0.43%,8.94,20157531
,"1998","1998","Utah","49",52,0.01%,2.40,2165961
,"1998","1998","Vermont","50",5,0.00%,0.83,600416
,"1998","1998","Virginia","51",340,0.08%,4.93,6900918
,"1998","1998","Washington","53",264,0.06%,4.58,5769562
,"1998","1998","West Virginia","54",42,0.01%,2.31,1815609
,"1998","1998","Wisconsin","55",109,0.03%,2.06,5297673
,"1998","1998","Wyoming","56",4,0.00%,0.82,490787
"Total","1998","1998",,,18285,4.35%,6.63,275854116
,"1997","1997","Alabama","01",405,0.10%,9.27,4367935
,"1997","1997","Alaska","02",78,0.02%,12.72,612968
,"1997","1997","Arizona","04",296,0.07%,6.25,4736990
,"1997","1997","Arkansas","05",200,0.05%,7.69,2601091
,"1997","1997","California","06",4045,0.96%,12.45,32486010
,"1997","1997","Colorado","08",94,0.02%,2.34,4018293
,"1997","1997","Connecticut","09",128,0.03%,3.82,3349348
,"1997","1997","Delaware","10",38,0.01%,5.06,751487
,"1997","1997","District of Columbia","11",110,0.03%,19.38,567739
,"1997","1997","Florida","12",1393,0.33%,9.17,15186304
,"1997","1997","Georgia","13",695,0.17%,9.04,7685099
,"1997","1997","Hawaii","15",165,0.04%,13.62,1211640
,"1997","1997","Idaho","16",15,0.00%,1.22,1228520
,"1997","1997","Illinois","17",964,0.23%,7.91,12185715
,"1997","1997","Indiana","18",168,0.04%,2.82,5955267
,"1997","1997","Iowa","19",74,0.02%,2.56,2891119
,"1997","1997","Kansas","20",78,0.02%,2.96,2635292
,"1997","1997","Kentucky","21",183,0.04%,4.63,3952747
,"1997","1997","Louisiana","22",406,0.10%,9.18,4421072
,"1997","1997","Maine","23",21,0.01%,1.67,1254774
,"1997","1997","Maryland","24",338,0.08%,6.55,5157328
,"1997","1997","Massachusetts","25",268,0.06%,4.30,6226058
,"1997","1997","Michigan","26",372,0.09%,3.79,9809051
,"1997","1997","Minnesota","27",161,0.04%,3.38,4763390
,"1997","1997","Mississippi","28",245,0.06%,8.82,2777004
,"1997","1997","Missouri","29",248,0.06%,4.52,5481193
,"1997","1997","Montana","30",18,0.00%,2.02,889865
,"1997","1997","Nebraska","31",22,0.01%,1.30,1686418
,"1997","1997","Nevada","32",112,0.03%,6.35,1764104
,"1997","1997","New Hampshire","33",17,0.00%,1.43,1189425
,"1997","1997","New Jersey","34",718,0.17%,8.74,8218808
,"1997","1997","New Mexico","35",72,0.02%,4.06,1774839
,"1997","1997","New York","36",2230,0.53%,11.95,18656546
,"1997","1997","North Carolina","37",463,0.11%,6.05,7656825
,"1997","1997","North Dakota","38",12,0.00%,1.85,649716
,"1997","1997","Ohio","39",286,0.07%,2.54,11277357
,"1997","1997","Oklahoma","40",211,0.05%,6.26,3372918
,"1997","1997","Oregon","41",161,0.04%,4.87,3304310
,"1997","1997","Pennsylvania","42",524,0.12%,4.29,12227814
,"1997","1997","Rhode Island","44",40,0.01%,3.90,1025353
,"1997","1997","South Carolina","45",328,0.08%,8.50,3859696
,"1997","1997","South Dakota","46",19,0.00%,2.55,744223
,"1997","1997","Tennessee","47",468,0.11%,8.51,5499233
,"1997","1997","Texas","48",1980,0.47%,10.03,19740317
,"1997","1997","Utah","49",36,0.01%,1.70,2119784
,"1997","1997","Vermont","50",6,0.00%,1.00,597239
,"1997","1997","Virginia","51",349,0.08%,5.11,6829183
,"1997","1997","Washington","53",305,0.07%,5.37,5674747
,"1997","1997","West Virginia","54",54,0.01%,2.97,1819113
,"1997","1997","Wisconsin","55",130,0.03%,2.47,5266213
,"1997","1997","Wyoming","56",2,0.00%,0.41,489452
"Total","1997","1997",,,19751,4.70%,7.24,272646932
,"1996","1996","Alabama","01",423,0.10%,9.77,4331103
,"1996","1996","Alaska","02",97,0.02%,15.94,608569
,"1996","1996","Arizona","04",282,0.07%,6.15,4586940
,"1996","1996","Arkansas","05",225,0.05%,8.75,2572109
,"1996","1996","California","06",4288,1.02%,13.39,32018834
,"1996","1996","Colorado","08",101,0.02%,2.58,3919972
,"1996","1996","Connecticut","09",138,0.03%,4.14,3336685
,"1996","1996","Delaware","10",43,0.01%,5.80,740978
,"1996","1996","District of Columbia","11",139,0.03%,24.28,572379
,"1996","1996","Florida","12",1410,0.34%,9.49,14853360
,"1996","1996","Georgia","13",792,0.19%,10.56,7501069
,"1996","1996","Hawaii","15",200,0.05%,16.61,1203755
,"1996","1996","Idaho","16",15,0.00%,1.25,1203083
,"1996","1996","Illinois","17",1063,0.25%,8.78,12101997
,"1996","1996","Indiana","18",202,0.05%,3.42,5906013
,"1996","1996","Iowa","19",69,0.02%,2.40,2880001
,"1996","1996","Kansas","20",73,0.02%,2.79,2614554
,"1996","1996","Kentucky","21",259,0.06%,6.61,3919536
,"1996","1996","Louisiana","22",420,0.10%,9.55,4398877
,"1996","1996","Maine","23",21,0.01%,1.68,1249060
,"1996","1996","Maryland","24",317,0.08%,6.20,5111986
,"1996","1996","Massachusetts","25",262,0.06%,4.24,6179756
,"1996","1996","Michigan","26",440,0.10%,4.51,9758645
,"1996","1996","Minnesota","27",131,0.03%,2.78,4712827
,"1996","1996","Mississippi","28",250,0.06%,9.10,2748085
,"1996","1996","Missouri","29",224,0.05%,4.12,5431553
,"1996","1996","Montana","30",19,0.00%,2.14,886254
,"1996","1996","Nebraska","31",22,0.01%,1.31,1673740
,"1996","1996","Nevada","32",137,0.03%,8.22,1666320
,"1996","1996","New Hampshire","33",21,0.01%,1.79,1174719
,"1996","1996","New Jersey","34",820,0.20%,10.06,8149596
,"1996","1996","New Mexico","35",89,0.02%,5.08,1752326
,"1996","1996","New York","36",2545,0.61%,13.69,18588460
,"1996","1996","North Carolina","37",554,0.13%,7.39,7500670
,"1996","1996","North Dakota","38",8,0.00%,1.23,650382
,"1996","1996","Ohio","39",301,0.07%,2.68,11242827
,"1996","1996","Oklahoma","40",199,0.05%,5.96,3340129
,"1996","1996","Oregon","41",188,0.04%,5.79,3247111
,"1996","1996","Pennsylvania","42",580,0.14%,4.75,12220464
,"1996","1996","Rhode Island","44",35,0.01%,3.43,1020893
,"1996","1996","South Carolina","45",348,0.08%,9.17,3796200
,"1996","1996","South Dakota","46",19,0.00%,2.56,742214
,"1996","1996","Tennessee","47",504,0.12%,9.30,5416643
,"1996","1996","Texas","48",2066,0.49%,10.68,19340342
,"1996","1996","Utah","49",58,0.01%,2.80,2067976
,"1996","1996","Vermont","50",4,0.00%,0.67,593701
,"1996","1996","Virginia","51",348,0.08%,5.15,6750884
,"1996","1996","Washington","53",285,0.07%,5.12,5569753
,"1996","1996","West Virginia","54",57,0.01%,3.13,1822808
,"1996","1996","Wisconsin","55",114,0.03%,2.18,5229986
,"1996","1996","Wyoming","56",7,0.00%,1.43,488167
"Total","1996","1996",,,21212,5.05%,7.87,269394291
,"1995","1995","Alabama","01",420,0.10%,9.77,4296800
,"1995","1995","Alaska","02",82,0.02%,13.57,604412
,"1995","1995","Arizona","04",317,0.08%,7.15,4432499
,"1995","1995","Arkansas","05",271,0.06%,10.69,2535399
,"1995","1995","California","06",4656,1.11%,14.69,31696582
,"1995","1995","Colorado","08",92,0.02%,2.40,3826653
,"1995","1995","Connecticut","09",139,0.03%,4.18,3324144
,"1995","1995","Delaware","10",56,0.01%,7.67,729735
,"1995","1995","District of Columbia","11",102,0.02%,17.57,580519
,"1995","1995","Florida","12",1547,0.37%,10.64,14537875
,"1995","1995","Georgia","13",735,0.18%,10.03,7328413
,"1995","1995","Hawaii","15",193,0.05%,16.13,1196854
,"1995","1995","Idaho","16",14,0.00%,1.19,1177322
,"1995","1995","Illinois","17",1022,0.24%,8.51,12008437
,"1995","1995","Indiana","18",200,0.05%,3.42,5851459
,"1995","1995","Iowa","19",72,0.02%,2.51,2867373
,"1995","1995","Kansas","20",89,0.02%,3.42,2601008
,"1995","1995","Kentucky","21",327,0.08%,8.41,3887427
,"1995","1995","Louisiana","22",474,0.11%,10.82,4378779
,"1995","1995","Maine","23",28,0.01%,2.25,1243481
,"1995","1995","Maryland","24",369,0.09%,7.28,5070033
,"1995","1995","Massachusetts","25",330,0.08%,5.37,6141445
,"1995","1995","Michigan","26",424,0.10%,4.38,9676211
,"1995","1995","Minnesota","27",156,0.04%,3.35,4660180
,"1995","1995","Mississippi","28",271,0.06%,9.95,2722659
,"1995","1995","Missouri","29",244,0.06%,4.54,5378247
,"1995","1995","Montana","30",21,0.01%,2.40,876553
,"1995","1995","Nebraska","31",24,0.01%,1.45,1656993
,"1995","1995","Nevada","32",116,0.03%,7.33,1581578
,"1995","1995","New Hampshire","33",23,0.01%,1.99,1157561
,"1995","1995","New Jersey","34",848,0.20%,10.49,8083242
,"1995","1995","New Mexico","35",81,0.02%,4.71,1720394
,"1995","1995","New York","36",3018,0.72%,16.29,18524104
,"1995","1995","North Carolina","37",518,0.12%,7.05,7344674
,"1995","1995","North Dakota","38",5,0.00%,0.77,647832
,"1995","1995","Ohio","39",280,0.07%,2.50,11202751
,"1995","1995","Oklahoma","40",236,0.06%,7.13,3308208
,"1995","1995","Oregon","41",156,0.04%,4.90,3184369
,"1995","1995","Pennsylvania","42",673,0.16%,5.52,12198403
,"1995","1995","Rhode Island","44",50,0.01%,4.92,1017002
,"1995","1995","South Carolina","45",334,0.08%,8.91,3748582
,"1995","1995","South Dakota","46",28,0.01%,3.79,737926
,"1995","1995","Tennessee","47",465,0.11%,8.73,5326936
,"1995","1995","Texas","48",2340,0.56%,12.34,18958751
,"1995","1995","Utah","49",48,0.01%,2.38,2014179
,"1995","1995","Vermont","50",4,0.00%,0.68,589003
,"1995","1995","Virginia","51",356,0.08%,5.34,6670693
,"1995","1995","Washington","53",277,0.07%,5.05,5481027
,"1995","1995","West Virginia","54",71,0.02%,3.89,1823700
,"1995","1995","Wisconsin","55",119,0.03%,2.30,5184836
,"1995","1995","Wyoming","56",5,0.00%,1.03,485160
"Total","1995","1995",,,22726,5.41%,8.53,266278403
,"1994","1994","Alabama","01",433,0.10%,10.16,4260229
,"1994","1994","Alaska","02",92,0.02%,15.25,603308
,"1994","1994","Arizona","04",247,0.06%,5.82,4245089
,"1994","1994","Arkansas","05",264,0.06%,10.59,2494019
,"1994","1994","California","06",4834,1.15%,15.35,31484435
,"1994","1994","Colorado","08",93,0.02%,2.50,3724168
,"1994","1994","Connecticut","09",147,0.04%,4.43,3316121
,"1994","1994","Delaware","10",55,0.01%,7.67,717545
,"1994","1994","District of Columbia","11",120,0.03%,20.37,589240
,"1994","1994","Florida","12",1742,0.41%,12.23,14239444
,"1994","1994","Georgia","13",740,0.18%,10.34,7157165
,"1994","1994","Hawaii","15",247,0.06%,20.80,1187536
,"1994","1994","Idaho","16",13,0.00%,1.14,1145140
,"1994","1994","Illinois","17",1115,0.27%,9.36,11912585
,"1994","1994","Indiana","18",211,0.05%,3.64,5793526
,"1994","1994","Iowa","19",66,0.02%,2.32,2850746
,"1994","1994","Kansas","20",84,0.02%,3.26,2580513
,"1994","1994","Kentucky","21",345,0.08%,8.96,3849088
,"1994","1994","Louisiana","22",434,0.10%,9.98,4347481
,"1994","1994","Maine","23",35,0.01%,2.82,1242662
,"1994","1994","Maryland","24",362,0.09%,7.21,5023060
,"1994","1994","Massachusetts","25",329,0.08%,5.40,6095241
,"1994","1994","Michigan","26",461,0.11%,4.80,9597737
,"1994","1994","Minnesota","27",140,0.03%,3.04,4610355
,"1994","1994","Mississippi","28",278,0.07%,10.34,2688992
,"1994","1994","Missouri","29",259,0.06%,4.86,5324497
,"1994","1994","Montana","30",25,0.01%,2.90,861306
,"1994","1994","Nebraska","31",22,0.01%,1.34,1639041
,"1994","1994","Nevada","32",125,0.03%,8.34,1499298
,"1994","1994","New Hampshire","33",17,0.00%,1.49,1142561
,"1994","1994","New Jersey","34",853,0.20%,10.64,8014306
,"1994","1994","New Mexico","35",82,0.02%,4.87,1682398
,"1994","1994","New York","36",3575,0.85%,19.37,18459470
,"1994","1994","North Carolina","37",565,0.13%,7.86,7187398
,"1994","1994","North Dakota","38",10,0.00%,1.55,644806
,"1994","1994","Ohio","39",345,0.08%,3.09,11152455
,"1994","1994","Oklahoma","40",260,0.06%,7.92,3280940
,"1994","1994","Oregon","41",165,0.04%,5.29,3121264
,"1994","1994","Pennsylvania","42",616,0.15%,5.06,12166050
,"1994","1994","Rhode Island","44",56,0.01%,5.51,1015960
,"1994","1994","South Carolina","45",387,0.09%,10.44,3705397
,"1994","1994","South Dakota","46",28,0.01%,3.83,730790
,"1994","1994","Tennessee","47",519,0.12%,9.92,5231438
,"1994","1994","Texas","48",2511,0.60%,13.53,18564062
,"1994","1994","Utah","49",56,0.01%,2.86,1960446
,"1994","1994","Vermont","50",11,0.00%,1.88,583836
,"1994","1994","Virginia","51",370,0.09%,5.61,6593139
,"1994","1994","Washington","53",260,0.06%,4.84,5375161
,"1994","1994","West Virginia","54",80,0.02%,4.39,1820421
,"1994","1994","Wisconsin","55",110,0.03%,2.14,5133678
,"1994","1994","Wyoming","56",12,0.00%,2.50,480283
"Total","1994","1994",,,24206,5.76%,9.20,263125826
,"1993","1993","Alabama","01",487,0.12%,11.56,4214202
,"1993","1993","Alaska","02",57,0.01%,9.51,599434
,"1993","1993","Arizona","04",228,0.05%,5.61,4065440
,"1993","1993","Arkansas","05",209,0.05%,8.51,2456303
,"1993","1993","California","06",5146,1.23%,16.45,31274928
,"1993","1993","Colorado","08",107,0.03%,2.96,3613734
,"1993","1993","Connecticut","09",154,0.04%,4.65,3309175
,"1993","1993","Delaware","10",66,0.02%,9.34,706378
,"1993","1993","District of Columbia","11",162,0.04%,27.21,595302
,"1993","1993","Florida","12",1646,0.39%,11.82,13927185
,"1993","1993","Georgia","13",809,0.19%,11.59,6978240
,"1993","1993","Hawaii","15",251,0.06%,21.40,1172838
,"1993","1993","Idaho","16",10,0.00%,0.90,1108768
,"1993","1993","Illinois","17",1234,0.29%,10.45,11809579
,"1993","1993","Indiana","18",248,0.06%,4.32,5739019
,"1993","1993","Iowa","19",59,0.01%,2.08,2836972
,"1993","1993","Kansas","20",83,0.02%,3.25,2556547
,"1993","1993","Kentucky","21",402,0.10%,10.55,3812206
,"1993","1993","Louisiana","22",363,0.09%,8.41,4316428
,"1993","1993","Maine","23",28,0.01%,2.25,1242302
,"1993","1993","Maryland","24",417,0.10%,8.39,4971889
,"1993","1993","Massachusetts","25",366,0.09%,6.04,6060569
,"1993","1993","Michigan","26",480,0.11%,5.03,9540114
,"1993","1993","Minnesota","27",141,0.03%,3.09,4555956
,"1993","1993","Mississippi","28",279,0.07%,10.51,2655100
,"1993","1993","Missouri","29",256,0.06%,4.86,5271175
,"1993","1993","Montana","30",22,0.01%,2.60,844761
,"1993","1993","Nebraska","31",23,0.01%,1.41,1625590
,"1993","1993","Nevada","32",101,0.02%,7.16,1411215
,"1993","1993","New Hampshire","33",26,0.01%,2.30,1129458
,"1993","1993","New Jersey","34",911,0.22%,11.46,7948915
,"1993","1993","New Mexico","35",73,0.02%,4.46,1636453
,"1993","1993","New York","36",3864,0.92%,21.03,18374954
,"1993","1993","North Carolina","37",594,0.14%,8.43,7042818
,"1993","1993","North Dakota","38",7,0.00%,1.09,641216
,"1993","1993","Ohio","39",308,0.07%,2.77,11101140
,"1993","1993","Oklahoma","40",208,0.05%,6.40,3252285
,"1993","1993","Oregon","41",153,0.04%,5.00,3060367
,"1993","1993","Pennsylvania","42",741,0.18%,6.11,12119724
,"1993","1993","Rhode Island","44",65,0.02%,6.40,1015113
,"1993","1993","South Carolina","45",401,0.10%,10.95,3663314
,"1993","1993","South Dakota","46",16,0.00%,2.22,722160
,"1993","1993","Tennessee","47",554,0.13%,10.78,5137584
,"1993","1993","Texas","48",2370,0.56%,13.05,18161612
,"1993","1993","Utah","49",47,0.01%,2.48,1898404
,"1993","1993","Vermont","50",7,0.00%,1.21,577748
,"1993","1993","Virginia","51",456,0.11%,7.01,6509630
,"1993","1993","Washington","53",283,0.07%,5.36,5278842
,"1993","1993","West Virginia","54",75,0.02%,4.13,1817539
,"1993","1993","Wisconsin","55",102,0.02%,2.01,5084889
,"1993","1993","Wyoming","56",7,0.00%,1.48,473081
"Total","1993","1993",,,25102,5.98%,9.66,259918595
"Total",,,,,419903,100.00%,4.49,9352837258
"---"
"Dataset: OTIS TB Data 1993-2023"
"Query Parameters:"
"State: The United States (00)"
"Group By: Year; State"
"Show Totals: True"
"Show Zero Values: True"
"Show Suppressed: False"
"---"
"Help: See http://wonder.cdc.gov/wonder/help/tb.html for more information."
"---"
"Query Date: Jun 25, 2026 4:19:05 AM"
"---"
"Suggested Citation: Online Tuberculosis Information System (OTIS), National Tuberculosis Surveillance System, United States,"
"1993-2023. U.S. Department of Health and Human Services (US DHHS), Centers for Disease Control and Prevention (CDC), Division of"
"TB Elimination, CDC WONDER Online Database, October 2024. Data for all years updated by July 17, 2024. Accessed at"
"http://wonder.cdc.gov/tb-v2023.html on Jun 25, 2026 4:19:05 AM"
"---"
Caveats:
"1. The Online Tuberculosis Information System (OTIS) uses different population sources for the calculation of incidence rates"
"for years 2000-2010 than those used in published TB Annual Reports. Hence, rates and population figures reported in OTIS are"
"different than those reported in TB publications. The most current population sources available at the time of release or"
"publication are used, thus the rates in both the annual reports and OTIS are based on the best available population estimates at"
"production time. OTIS 2023 uses the following US population sources: the Bridged-Race 1990-1999 Intercensal Population Estimates"
"(released July 26, 2004) for years 1993-1999, the revised Bridged-Race 2000-2009 Intercensal Population Estimates (released"
"October 26, 2012) for years 2000-2009, and the Bridged-Race Postcensal Vintage 2020 Population Estimates (released June 25,"
"2019) for years 2010-2020. Puerto Rico population estimates for years 1993-1920 are from the U.S. Census Bureau, International"
"Data Base; population estimates for years 2000-2009 are from the Puerto Rico Intercensal Estimates 2000-2010 (released October"
"2012); population estimates for years 2010-2019 are from the U.S. Census Annual Estimates of the Resident Population for the"
"United States, Regions, States, and Puerto Rico (April 1, 2010 to July 1, 2020) accessed September 24, 2021; and population"
"estimates for years 2020-2021 are from the Annual Estimates of the Resident Population for Selected Age Groups by Sex for Puerto"
"Rico Commonwealth: April 1, 2020 to July 1, 2021 (PRC-EST2021-AGESEX), released June 2022 by the US Census Bureau. Population"
"estimates for incidence rates are July 1st, 2022 postcensal estimates of the resident population of the United States for July"
"1, 2020, to July 1, 2022, by year, county, single year of age (range: 0 to 85+ years), bridged-race (American Indian or Alaska"
"Native, Asian or Pacific Islander, Black or African American, White), Hispanic ethnicity (Hispanic or Latino, not Hispanic or"
"Latino), and sex (Female, Male), prepared under a collaborative arrangement with the U.S. Census Bureau and the National Cancer"
"Institute (NCI). The ""Vintage 2022"" population estimates for years 2020-2022 were released March 2024 by the National Cancer"
"Institute."